Datetime,Open,High,Low,Close,Volume,Dividends,Stock Splits
2025-06-13 09:30:00-04:00,142.47999572753906,143.38999938964844,142.39999389648438,143.3699951171875,12190762,0.0,0.0
2025-06-13 09:31:00-04:00,143.37840270996094,143.5800018310547,143.14999389648438,143.34500122070312,1570905,0.0,0.0
2025-06-13 09:32:00-04:00,143.3350067138672,143.44000244140625,142.92999267578125,143.29010009765625,1094680,0.0,0.0
2025-06-13 09:33:00-04:00,143.3000030517578,143.57000732421875,143.19000244140625,143.22500610351562,1109519,0.0,0.0
2025-06-13 09:34:00-04:00,143.22500610351562,143.26499938964844,143.0583038330078,143.19000244140625,698299,0.0,0.0
2025-06-13 09:35:00-04:00,143.19000244140625,143.19000244140625,142.88479614257812,142.98980712890625,1043504,0.0,0.0
2025-06-13 09:36:00-04:00,142.97999572753906,143.01499938964844,142.8300018310547,142.89999389648438,892762,0.0,0.0
2025-06-13 09:37:00-04:00,142.88999938964844,143.0800018310547,142.6699981689453,143.0050048828125,1069869,0.0,0.0
2025-06-13 09:38:00-04:00,143.0084991455078,143.125,142.9499969482422,143.02499389648438,835016,0.0,0.0
2025-06-13 09:39:00-04:00,143.02499389648438,143.13999938964844,142.97000122070312,142.99000549316406,672510,0.0,0.0
2025-06-13 09:40:00-04:00,142.99000549316406,143.02000427246094,142.72000122070312,142.86500549316406,806814,0.0,0.0
2025-06-13 09:41:00-04:00,142.86000061035156,143.00999450683594,142.77499389648438,142.94180297851562,699345,0.0,0.0
2025-06-13 09:42:00-04:00,142.94500732421875,143.00999450683594,142.83999633789062,142.91000366210938,483433,0.0,0.0
2025-06-13 09:43:00-04:00,142.9199981689453,143.02000427246094,142.8300018310547,143.0,593827,0.0,0.0
2025-06-13 09:44:00-04:00,142.9949951171875,143.27999877929688,142.9250030517578,143.13999938964844,743539,0.0,0.0
2025-06-13 09:45:00-04:00,143.14999389648438,143.1649932861328,142.83999633789062,142.91819763183594,700395,0.0,0.0
2025-06-13 09:46:00-04:00,142.91000366210938,143.01499938964844,142.82000732421875,142.97000122070312,504975,0.0,0.0
2025-06-13 09:47:00-04:00,142.97999572753906,143.1300048828125,142.89999389648438,142.92999267578125,642384,0.0,0.0
2025-06-13 09:48:00-04:00,142.9199981689453,143.00999450683594,142.8699951171875,142.97999572753906,504767,0.0,0.0
2025-06-13 09:49:00-04:00,142.97999572753906,143.02999877929688,142.8300018310547,143.0,450870,0.0,0.0
2025-06-13 09:50:00-04:00,142.9949951171875,143.38999938964844,142.94000244140625,143.3300018310547,745244,0.0,0.0
2025-06-13 09:51:00-04:00,143.32009887695312,143.48989868164062,143.08999633789062,143.11000061035156,867380,0.0,0.0
2025-06-13 09:52:00-04:00,143.10350036621094,143.25,143.0500030517578,143.168701171875,497143,0.0,0.0
2025-06-13 09:53:00-04:00,143.1649932861328,143.27000427246094,143.15499877929688,143.1649932861328,403391,0.0,0.0
2025-06-13 09:54:00-04:00,143.1750030517578,143.1750030517578,142.92999267578125,142.93890380859375,557730,0.0,0.0
2025-06-13 09:55:00-04:00,142.93499755859375,143.0500030517578,142.8300018310547,143.0449981689453,622105,0.0,0.0
2025-06-13 09:56:00-04:00,143.0399932861328,143.0500030517578,142.875,142.89999389648438,469523,0.0,0.0
2025-06-13 09:57:00-04:00,142.88999938964844,142.97999572753906,142.8699951171875,142.93499755859375,348820,0.0,0.0
2025-06-13 09:58:00-04:00,142.92999267578125,142.9604034423828,142.72999572753906,142.82000732421875,603277,0.0,0.0
2025-06-13 09:59:00-04:00,142.8249969482422,142.94000244140625,142.66000366210938,142.91799926757812,591797,0.0,0.0
2025-06-13 10:00:00-04:00,142.92999267578125,143.36019897460938,142.89500427246094,142.97000122070312,972692,0.0,0.0
2025-06-13 10:01:00-04:00,143.0,143.0749969482422,142.86000061035156,142.96499633789062,455082,0.0,0.0
2025-06-13 10:02:00-04:00,142.95069885253906,142.99000549316406,142.82009887695312,142.9199981689453,320008,0.0,0.0
2025-06-13 10:03:00-04:00,142.9199981689453,143.0500030517578,142.91000366210938,142.97999572753906,368746,0.0,0.0
2025-06-13 10:04:00-04:00,142.97999572753906,142.97999572753906,142.7100067138672,142.83999633789062,542533,0.0,0.0
2025-06-13 10:05:00-04:00,142.8300018310547,142.8800048828125,142.67030334472656,142.6999969482422,490304,0.0,0.0
2025-06-13 10:06:00-04:00,142.69500732421875,142.8800048828125,142.66000366210938,142.80999755859375,429003,0.0,0.0
2025-06-13 10:07:00-04:00,142.7899932861328,142.8300018310547,142.67999267578125,142.8096923828125,404455,0.0,0.0
2025-06-13 10:08:00-04:00,142.8000030517578,142.9499969482422,142.74009704589844,142.7449951171875,463890,0.0,0.0
2025-06-13 10:09:00-04:00,142.74000549316406,142.77999877929688,142.57009887695312,142.5988006591797,633727,0.0,0.0
2025-06-13 10:10:00-04:00,142.59500122070312,142.61000061035156,142.3300018310547,142.37159729003906,1044702,0.0,0.0
2025-06-13 10:11:00-04:00,142.3699951171875,142.44000244140625,142.27999877929688,142.41990661621094,710527,0.0,0.0
2025-06-13 10:12:00-04:00,142.4149932861328,142.4197998046875,142.1999969482422,142.32009887695312,633874,0.0,0.0
2025-06-13 10:13:00-04:00,142.30999755859375,142.41000366210938,142.25,142.3300018310547,581064,0.0,0.0
2025-06-13 10:14:00-04:00,142.30999755859375,142.4051971435547,142.25999450683594,142.31500244140625,400227,0.0,0.0
2025-06-13 10:15:00-04:00,142.3101043701172,142.33999633789062,142.19000244140625,142.1999969482422,598628,0.0,0.0
2025-06-13 10:16:00-04:00,142.19000244140625,142.21820068359375,141.97000122070312,142.02890014648438,1205450,0.0,0.0
2025-06-13 10:17:00-04:00,142.02499389648438,142.16000366210938,141.97000122070312,142.11500549316406,697006,0.0,0.0
2025-06-13 10:18:00-04:00,142.11000061035156,142.24989318847656,142.0800018310547,142.2100067138672,519364,0.0,0.0
2025-06-13 10:19:00-04:00,142.2050018310547,142.22999572753906,142.0850067138672,142.10870361328125,302805,0.0,0.0
2025-06-13 10:20:00-04:00,142.10499572753906,142.1699981689453,141.8800048828125,141.9199981689453,625009,0.0,0.0
2025-06-13 10:21:00-04:00,141.90499877929688,141.92999267578125,141.61349487304688,141.82870483398438,1065277,0.0,0.0
2025-06-13 10:22:00-04:00,141.82000732421875,141.82000732421875,141.6699981689453,141.7050018310547,536414,0.0,0.0
2025-06-13 10:23:00-04:00,141.7050018310547,141.94000244140625,141.6699981689453,141.8782958984375,572628,0.0,0.0
2025-06-13 10:24:00-04:00,141.8800048828125,141.99000549316406,141.72129821777344,141.7884979248047,536525,0.0,0.0
2025-06-13 10:25:00-04:00,141.77999877929688,141.83999633789062,141.69000244140625,141.7899932861328,466172,0.0,0.0
2025-06-13 10:26:00-04:00,141.7899932861328,141.82000732421875,141.5399932861328,141.56500244140625,608209,0.0,0.0
2025-06-13 10:27:00-04:00,141.55999755859375,141.6199951171875,141.39500427246094,141.52999877929688,1040680,0.0,0.0
2025-06-13 10:28:00-04:00,141.52000427246094,141.52000427246094,141.10000610351562,141.1446990966797,926396,0.0,0.0
2025-06-13 10:29:00-04:00,141.1300048828125,141.24000549316406,141.0749969482422,141.1999969482422,706180,0.0,0.0
2025-06-13 10:30:00-04:00,141.1999969482422,141.32000732421875,141.16000366210938,141.21499633789062,646904,0.0,0.0
2025-06-13 10:31:00-04:00,141.2097930908203,141.33999633789062,141.0800018310547,141.32879638671875,707083,0.0,0.0
2025-06-13 10:32:00-04:00,141.32000732421875,141.55999755859375,141.27000427246094,141.52000427246094,789366,0.0,0.0
2025-06-13 10:33:00-04:00,141.5500030517578,141.67999267578125,141.5399932861328,141.61000061035156,741023,0.0,0.0
2025-06-13 10:34:00-04:00,141.60499572753906,141.72000122070312,141.50999450683594,141.52499389648438,507019,0.0,0.0
2025-06-13 10:35:00-04:00,141.52499389648438,141.75,141.50999450683594,141.6898956298828,630811,0.0,0.0
2025-06-13 10:36:00-04:00,141.68499755859375,141.8800048828125,141.6750030517578,141.875,516756,0.0,0.0
2025-06-13 10:37:00-04:00,141.8699951171875,141.99000549316406,141.8000030517578,141.9550018310547,658639,0.0,0.0
2025-06-13 10:38:00-04:00,141.9600067138672,142.02000427246094,141.86500549316406,141.91000366210938,571383,0.0,0.0
2025-06-13 10:39:00-04:00,141.91000366210938,142.11000061035156,141.91000366210938,142.0034942626953,564886,0.0,0.0
2025-06-13 10:40:00-04:00,142.0050048828125,142.07000732421875,141.9199981689453,142.0050048828125,391853,0.0,0.0
2025-06-13 10:41:00-04:00,142.00999450683594,142.19500732421875,141.9550018310547,142.16119384765625,510908,0.0,0.0
2025-06-13 10:42:00-04:00,142.1699981689453,142.2899932861328,142.14999389648438,142.1699981689453,557881,0.0,0.0
2025-06-13 10:43:00-04:00,142.1750030517578,142.18499755859375,142.0399932861328,142.15499877929688,433893,0.0,0.0
2025-06-13 10:44:00-04:00,142.14999389648438,142.2299041748047,142.05999755859375,142.08999633789062,426024,0.0,0.0
2025-06-13 10:45:00-04:00,142.09500122070312,142.16000366210938,142.0500030517578,142.10009765625,344093,0.0,0.0
2025-06-13 10:46:00-04:00,142.08999633789062,142.2270050048828,142.0500030517578,142.0850067138672,377523,0.0,0.0
2025-06-13 10:47:00-04:00,142.08009338378906,142.10499572753906,141.94000244140625,141.95989990234375,449990,0.0,0.0
2025-06-13 10:48:00-04:00,141.9499969482422,141.9600067138672,141.8000030517578,141.82000732421875,406791,0.0,0.0
2025-06-13 10:49:00-04:00,141.8249969482422,141.88999938964844,141.73190307617188,141.7550048828125,351716,0.0,0.0
2025-06-13 10:50:00-04:00,141.75160217285156,141.85899353027344,141.72500610351562,141.75,293109,0.0,0.0
2025-06-13 10:51:00-04:00,141.75,141.8488006591797,141.69000244140625,141.83999633789062,287390,0.0,0.0
2025-06-13 10:52:00-04:00,141.84500122070312,141.98980712890625,141.8300018310547,141.97999572753906,322133,0.0,0.0
2025-06-13 10:53:00-04:00,141.99000549316406,142.22000122070312,141.97999572753906,142.22000122070312,471729,0.0,0.0
2025-06-13 10:54:00-04:00,142.22000122070312,142.38499450683594,142.2050018310547,142.35009765625,636092,0.0,0.0
2025-06-13 10:55:00-04:00,142.35499572753906,142.49000549316406,142.32000732421875,142.39759826660156,563954,0.0,0.0
2025-06-13 10:56:00-04:00,142.39999389648438,142.4499053955078,142.3000030517578,142.38999938964844,386111,0.0,0.0
2025-06-13 10:57:00-04:00,142.39500427246094,142.44000244140625,142.30999755859375,142.38499450683594,299855,0.0,0.0
2025-06-13 10:58:00-04:00,142.3800048828125,142.38999938964844,142.2550048828125,142.27000427246094,264248,0.0,0.0
2025-06-13 10:59:00-04:00,142.27499389648438,142.3800048828125,142.26190185546875,142.30999755859375,214442,0.0,0.0
2025-06-13 11:00:00-04:00,142.31500244140625,142.3751983642578,142.2100067138672,142.21499633789062,323769,0.0,0.0
2025-06-13 11:01:00-04:00,142.22500610351562,142.3000030517578,142.1699981689453,142.28500366210938,295316,0.0,0.0
2025-06-13 11:02:00-04:00,142.3000030517578,142.49000549316406,142.27499389648438,142.4199981689453,405237,0.0,0.0
2025-06-13 11:03:00-04:00,142.4250030517578,142.44000244140625,142.32000732421875,142.3582000732422,218204,0.0,0.0
2025-06-13 11:04:00-04:00,142.3430938720703,142.46580505371094,142.32000732421875,142.4499969482422,266133,0.0,0.0
2025-06-13 11:05:00-04:00,142.4499969482422,142.5850067138672,142.41700744628906,142.57000732421875,466769,0.0,0.0
2025-06-13 11:06:00-04:00,142.5749969482422,142.5771026611328,142.36000061035156,142.39999389648438,328859,0.0,0.0
2025-06-13 11:07:00-04:00,142.39999389648438,142.51759338378906,142.38999938964844,142.4949951171875,196052,0.0,0.0
2025-06-13 11:08:00-04:00,142.5,142.5186004638672,142.4499969482422,142.49000549316406,226186,0.0,0.0
2025-06-13 11:09:00-04:00,142.49000549316406,142.5189971923828,142.44000244140625,142.4600067138672,231766,0.0,0.0
2025-06-13 11:10:00-04:00,142.4600067138672,142.47999572753906,142.3000030517578,142.3000030517578,288588,0.0,0.0
2025-06-13 11:11:00-04:00,142.30130004882812,142.42999267578125,142.30130004882812,142.39990234375,264503,0.0,0.0
2025-06-13 11:12:00-04:00,142.39999389648438,142.46499633789062,142.375,142.43499755859375,294354,0.0,0.0
2025-06-13 11:13:00-04:00,142.4398956298828,142.57000732421875,142.41000366210938,142.5500030517578,327756,0.0,0.0
2025-06-13 11:14:00-04:00,142.5500030517578,142.69000244140625,142.5449981689453,142.64999389648438,385117,0.0,0.0
2025-06-13 11:15:00-04:00,142.65499877929688,142.69000244140625,142.57000732421875,142.5800018310547,285868,0.0,0.0
2025-06-13 11:16:00-04:00,142.5802001953125,142.60499572753906,142.4600067138672,142.55520629882812,299794,0.0,0.0
2025-06-13 11:17:00-04:00,142.55999755859375,142.56979370117188,142.44500732421875,142.47999572753906,169600,0.0,0.0
2025-06-13 11:18:00-04:00,142.4700927734375,142.50999450683594,142.41000366210938,142.47360229492188,228709,0.0,0.0
2025-06-13 11:19:00-04:00,142.4783935546875,142.5,142.4300994873047,142.4949951171875,162172,0.0,0.0
2025-06-13 11:20:00-04:00,142.49420166015625,142.5800018310547,142.49000549316406,142.51499938964844,233893,0.0,0.0
2025-06-13 11:21:00-04:00,142.51820373535156,142.61500549316406,142.5,142.5998992919922,201818,0.0,0.0
2025-06-13 11:22:00-04:00,142.5800018310547,142.8800048828125,142.5800018310547,142.86000061035156,651348,0.0,0.0
2025-06-13 11:23:00-04:00,142.8699951171875,142.91000366210938,142.77000427246094,142.8000030517578,513498,0.0,0.0
2025-06-13 11:24:00-04:00,142.80880737304688,142.8300018310547,142.7100067138672,142.72500610351562,257218,0.0,0.0
2025-06-13 11:25:00-04:00,142.72000122070312,142.77000427246094,142.65499877929688,142.77000427246094,255639,0.0,0.0
2025-06-13 11:26:00-04:00,142.76499938964844,142.8000030517578,142.7100067138672,142.7949981689453,161153,0.0,0.0
2025-06-13 11:27:00-04:00,142.8000030517578,142.83999633789062,142.75,142.81500244140625,264038,0.0,0.0
2025-06-13 11:28:00-04:00,142.80999755859375,142.86000061035156,142.77999877929688,142.81500244140625,194485,0.0,0.0
2025-06-13 11:29:00-04:00,142.81500244140625,142.94000244140625,142.7899932861328,142.91650390625,406461,0.0,0.0
2025-06-13 11:30:00-04:00,142.9149932861328,142.9499969482422,142.88299560546875,142.9149932861328,221320,0.0,0.0
2025-06-13 11:31:00-04:00,142.9176025390625,143.02999877929688,142.89010620117188,143.0050048828125,553990,0.0,0.0
2025-06-13 11:32:00-04:00,143.0050048828125,143.0800018310547,142.97500610351562,143.0186004638672,384928,0.0,0.0
2025-06-13 11:33:00-04:00,143.01499938964844,143.08999633789062,143.01499938964844,143.0684051513672,262073,0.0,0.0
2025-06-13 11:34:00-04:00,143.05999755859375,143.07000732421875,142.96499633789062,143.05499267578125,306635,0.0,0.0
2025-06-13 11:35:00-04:00,143.05999755859375,143.0800018310547,142.8907012939453,142.97850036621094,368610,0.0,0.0
2025-06-13 11:36:00-04:00,142.97999572753906,143.1300048828125,142.96099853515625,143.07989501953125,417683,0.0,0.0
2025-06-13 11:37:00-04:00,143.0850067138672,143.10000610351562,143.0050048828125,143.03500366210938,210929,0.0,0.0
2025-06-13 11:38:00-04:00,143.0399932861328,143.0399932861328,143.02999877929688,143.0399932861328,220865,0.0,0.0
2025-06-13 11:39:00-04:00,143.031494140625,143.10499572753906,143.0,143.05499267578125,201906,0.0,0.0
2025-06-13 11:40:00-04:00,143.05499267578125,143.07000732421875,142.92999267578125,142.97000122070312,271546,0.0,0.0
2025-06-13 11:41:00-04:00,142.97999572753906,143.0399932861328,142.92999267578125,143.02999877929688,215090,0.0,0.0
2025-06-13 11:42:00-04:00,143.02999877929688,143.0800018310547,143.0050048828125,143.02499389648438,211933,0.0,0.0
2025-06-13 11:43:00-04:00,143.02000427246094,143.0399932861328,142.9499969482422,142.9709930419922,174184,0.0,0.0
2025-06-13 11:44:00-04:00,142.97999572753906,143.02999877929688,142.97000122070312,142.97999572753906,171389,0.0,0.0
2025-06-13 11:45:00-04:00,142.97999572753906,143.08999633789062,142.97479248046875,143.0653076171875,196233,0.0,0.0
2025-06-13 11:46:00-04:00,143.05999755859375,143.08999633789062,143.02499389648438,143.0850067138672,166695,0.0,0.0
2025-06-13 11:47:00-04:00,143.08819580078125,143.13999938964844,143.0413055419922,143.11000061035156,300857,0.0,0.0
2025-06-13 11:48:00-04:00,143.10499572753906,143.11000061035156,143.0500946044922,143.07000732421875,195140,0.0,0.0
2025-06-13 11:49:00-04:00,143.0749969482422,143.08970642089844,143.0019989013672,143.07000732421875,200241,0.0,0.0
2025-06-13 11:50:00-04:00,143.07000732421875,143.1300048828125,143.07000732421875,143.07980346679688,179862,0.0,0.0
2025-06-13 11:51:00-04:00,143.0749969482422,143.25,143.0749969482422,143.25,394203,0.0,0.0
2025-06-13 11:52:00-04:00,143.2449951171875,143.27000427246094,143.20010375976562,143.23199462890625,260391,0.0,0.0
2025-06-13 11:53:00-04:00,143.23069763183594,143.27000427246094,143.1999969482422,143.2200927734375,188430,0.0,0.0
2025-06-13 11:54:00-04:00,143.22830200195312,143.32000732421875,143.22500610351562,143.2884063720703,232955,0.0,0.0
2025-06-13 11:55:00-04:00,143.27999877929688,143.2899932861328,143.08180236816406,143.0847930908203,370800,0.0,0.0
2025-06-13 11:56:00-04:00,143.089599609375,143.1199951171875,143.0312042236328,143.0449981689453,276501,0.0,0.0
2025-06-13 11:57:00-04:00,143.0500030517578,143.1750030517578,143.0500030517578,143.14500427246094,268640,0.0,0.0
2025-06-13 11:58:00-04:00,143.14500427246094,143.15499877929688,143.00999450683594,143.01499938964844,241738,0.0,0.0
2025-06-13 11:59:00-04:00,143.02000427246094,143.0883026123047,143.00999450683594,143.06399536132812,169982,0.0,0.0
2025-06-13 12:00:00-04:00,143.06500244140625,143.16990661621094,143.00999450683594,143.02000427246094,217536,0.0,0.0
2025-06-13 12:01:00-04:00,143.02000427246094,143.02999877929688,142.93299865722656,142.95010375976562,293496,0.0,0.0
2025-06-13 12:02:00-04:00,142.94839477539062,143.0500030517578,142.9199981689453,142.97000122070312,230208,0.0,0.0
2025-06-13 12:03:00-04:00,142.96580505371094,143.00999450683594,142.94000244140625,142.96499633789062,143620,0.0,0.0
2025-06-13 12:04:00-04:00,142.96499633789062,143.0,142.8719024658203,142.91000366210938,267388,0.0,0.0
2025-06-13 12:05:00-04:00,142.9114990234375,142.9499969482422,142.8800048828125,142.9409942626953,162727,0.0,0.0
2025-06-13 12:06:00-04:00,142.94500732421875,142.99000549316406,142.9250030517578,142.96499633789062,161643,0.0,0.0
2025-06-13 12:07:00-04:00,142.97000122070312,142.97999572753906,142.94000244140625,142.97000122070312,97976,0.0,0.0
2025-06-13 12:08:00-04:00,142.97500610351562,143.0,142.94000244140625,142.9600067138672,132256,0.0,0.0
2025-06-13 12:09:00-04:00,142.97000122070312,143.02999877929688,142.97000122070312,143.0050048828125,154229,0.0,0.0
2025-06-13 12:10:00-04:00,143.02000427246094,143.10000610351562,143.0113067626953,143.0749969482422,157709,0.0,0.0
2025-06-13 12:11:00-04:00,143.07479858398438,143.17999267578125,143.07479858398438,143.13499450683594,246962,0.0,0.0
2025-06-13 12:12:00-04:00,143.13999938964844,143.22999572753906,143.13999938964844,143.1750030517578,213775,0.0,0.0
2025-06-13 12:13:00-04:00,143.1750030517578,143.24000549316406,143.1750030517578,143.22999572753906,134795,0.0,0.0
2025-06-13 12:14:00-04:00,143.24000549316406,143.33999633789062,143.23989868164062,143.25990295410156,278931,0.0,0.0
2025-06-13 12:15:00-04:00,143.2552947998047,143.25650024414062,143.14999389648438,143.19500732421875,210081,0.0,0.0
2025-06-13 12:16:00-04:00,143.19500732421875,143.3300018310547,143.19500732421875,143.3249969482422,190423,0.0,0.0
2025-06-13 12:17:00-04:00,143.3300018310547,143.3699951171875,143.3000030517578,143.30999755859375,238411,0.0,0.0
2025-06-13 12:18:00-04:00,143.31520080566406,143.36000061035156,143.2700958251953,143.3000030517578,178553,0.0,0.0
2025-06-13 12:19:00-04:00,143.3000030517578,143.32000732421875,143.19000244140625,143.21499633789062,166573,0.0,0.0
2025-06-13 12:20:00-04:00,143.2115020751953,143.22000122070312,143.0800018310547,143.085205078125,228098,0.0,0.0
2025-06-13 12:21:00-04:00,143.09500122070312,143.20989990234375,143.0399932861328,143.13999938964844,238597,0.0,0.0
2025-06-13 12:22:00-04:00,143.13999938964844,143.24000549316406,143.1300048828125,143.16990661621094,176272,0.0,0.0
2025-06-13 12:23:00-04:00,143.16929626464844,143.22000122070312,143.125,143.20989990234375,142641,0.0,0.0
2025-06-13 12:24:00-04:00,143.2050018310547,143.31500244140625,143.2050018310547,143.26499938964844,193422,0.0,0.0
2025-06-13 12:25:00-04:00,143.26499938964844,143.30990600585938,143.22000122070312,143.2550048828125,185954,0.0,0.0
2025-06-13 12:26:00-04:00,143.25999450683594,143.27000427246094,143.10000610351562,143.12139892578125,271254,0.0,0.0
2025-06-13 12:27:00-04:00,143.1300048828125,143.16000366210938,143.0800018310547,143.1352996826172,232002,0.0,0.0
2025-06-13 12:28:00-04:00,143.14999389648438,143.15499877929688,143.05999755859375,143.09500122070312,232297,0.0,0.0
2025-06-13 12:29:00-04:00,143.11000061035156,143.13499450683594,143.0,143.0749969482422,321733,0.0,0.0
2025-06-13 12:30:00-04:00,143.0800018310547,143.13499450683594,143.02499389648438,143.11500549316406,232489,0.0,0.0
2025-06-13 12:31:00-04:00,143.1199951171875,143.14999389648438,143.07179260253906,143.11500549316406,786469,0.0,0.0
2025-06-13 12:32:00-04:00,143.1199951171875,143.19000244140625,143.10000610351562,143.14999389648438,148650,0.0,0.0
2025-06-13 12:33:00-04:00,143.1699981689453,143.17840576171875,143.07000732421875,143.0850067138672,435681,0.0,0.0
2025-06-13 12:34:00-04:00,143.08999633789062,143.11990356445312,143.00999450683594,143.07000732421875,225967,0.0,0.0
2025-06-13 12:35:00-04:00,143.06500244140625,143.19500732421875,143.06500244140625,143.14199829101562,242084,0.0,0.0
2025-06-13 12:36:00-04:00,143.1488037109375,143.14999389648438,143.07000732421875,143.10499572753906,190590,0.0,0.0
2025-06-13 12:37:00-04:00,143.10499572753906,143.1284942626953,142.99000549316406,142.99240112304688,349711,0.0,0.0
2025-06-13 12:38:00-04:00,143.0,143.0850067138672,142.99000549316406,143.0800018310547,295702,0.0,0.0
2025-06-13 12:39:00-04:00,143.0762939453125,143.08999633789062,143.00010681152344,143.0050048828125,151603,0.0,0.0
2025-06-13 12:40:00-04:00,143.0,143.07000732421875,142.99000549316406,143.06019592285156,183495,0.0,0.0
2025-06-13 12:41:00-04:00,143.0684051513672,143.22999572753906,143.05499267578125,143.2100067138672,270251,0.0,0.0
2025-06-13 12:42:00-04:00,143.2050018310547,143.24000549316406,143.1699981689453,143.20030212402344,221911,0.0,0.0
2025-06-13 12:43:00-04:00,143.2050018310547,143.3000030517578,143.19000244140625,143.2449951171875,237888,0.0,0.0
2025-06-13 12:44:00-04:00,143.24859619140625,143.27999877929688,143.2100067138672,143.25010681152344,148331,0.0,0.0
2025-06-13 12:45:00-04:00,143.2449951171875,143.25,143.125,143.1699981689453,209841,0.0,0.0
2025-06-13 12:46:00-04:00,143.1750030517578,143.22999572753906,143.14999389648438,143.1750030517578,174449,0.0,0.0
2025-06-13 12:47:00-04:00,143.17869567871094,143.17869567871094,143.10000610351562,143.11500549316406,158529,0.0,0.0
2025-06-13 12:48:00-04:00,143.11000061035156,143.1999969482422,143.10000610351562,143.18499755859375,151096,0.0,0.0
2025-06-13 12:49:00-04:00,143.18499755859375,143.25,143.16000366210938,143.23500061035156,181116,0.0,0.0
2025-06-13 12:50:00-04:00,143.23500061035156,143.32000732421875,143.20150756835938,143.3184051513672,232526,0.0,0.0
2025-06-13 12:51:00-04:00,143.31500244140625,143.33990478515625,143.1999969482422,143.2050018310547,216141,0.0,0.0
2025-06-13 12:52:00-04:00,143.2050018310547,143.27000427246094,143.19500732421875,143.2176055908203,168649,0.0,0.0
2025-06-13 12:53:00-04:00,143.2100067138672,143.27999877929688,143.16009521484375,143.24000549316406,170773,0.0,0.0
2025-06-13 12:54:00-04:00,143.22999572753906,143.25990295410156,143.14500427246094,143.19000244140625,169328,0.0,0.0
2025-06-13 12:55:00-04:00,143.19500732421875,143.2686004638672,143.14999389648438,143.2550048828125,134517,0.0,0.0
2025-06-13 12:56:00-04:00,143.2550048828125,143.36000061035156,143.22000122070312,143.33999633789062,243740,0.0,0.0
2025-06-13 12:57:00-04:00,143.3350067138672,143.33999633789062,143.25999450683594,143.30299377441406,134843,0.0,0.0
2025-06-13 12:58:00-04:00,143.3000030517578,143.3000030517578,143.1750030517578,143.19000244140625,201080,0.0,0.0
2025-06-13 12:59:00-04:00,143.18499755859375,143.27999877929688,143.18499755859375,143.2550048828125,191133,0.0,0.0
2025-06-13 13:00:00-04:00,143.24000549316406,143.2899932861328,143.18499755859375,143.26499938964844,175296,0.0,0.0
2025-06-13 13:01:00-04:00,143.27000427246094,143.3000030517578,143.23159790039062,143.27479553222656,150442,0.0,0.0
2025-06-13 13:02:00-04:00,143.27850341796875,143.29840087890625,143.16000366210938,143.21499633789062,178635,0.0,0.0
2025-06-13 13:03:00-04:00,143.2100067138672,143.30999755859375,143.1999969482422,143.2801055908203,199891,0.0,0.0
2025-06-13 13:04:00-04:00,143.2946014404297,143.33999633789062,143.2550048828125,143.25889587402344,187092,0.0,0.0
2025-06-13 13:05:00-04:00,143.26519775390625,143.27000427246094,143.10000610351562,143.11500549316406,227311,0.0,0.0
2025-06-13 13:06:00-04:00,143.10499572753906,143.16990661621094,143.10499572753906,143.1385955810547,171451,0.0,0.0
2025-06-13 13:07:00-04:00,143.13999938964844,143.13999938964844,142.98500061035156,143.0399932861328,324904,0.0,0.0
2025-06-13 13:08:00-04:00,143.03819274902344,143.0449981689453,142.92999267578125,142.9799041748047,187413,0.0,0.0
2025-06-13 13:09:00-04:00,142.9700927734375,143.0,142.9199981689453,142.9250030517578,197522,0.0,0.0
2025-06-13 13:10:00-04:00,142.9250030517578,142.92999267578125,142.72999572753906,142.7899932861328,376269,0.0,0.0
2025-06-13 13:11:00-04:00,142.73500061035156,142.75,142.72000122070312,142.72999572753906,387695,0.0,0.0
2025-06-13 13:12:00-04:00,142.74000549316406,142.77999877929688,142.65020751953125,142.77999877929688,399454,0.0,0.0
2025-06-13 13:13:00-04:00,142.789794921875,142.94000244140625,142.7801055908203,142.875,314682,0.0,0.0
2025-06-13 13:14:00-04:00,142.8699951171875,142.875,142.7899932861328,142.7946014404297,195734,0.0,0.0
2025-06-13 13:15:00-04:00,142.78500366210938,142.7899932861328,142.6676025390625,142.6699981689453,398013,0.0,0.0
2025-06-13 13:16:00-04:00,142.66099548339844,142.7050018310547,142.52000427246094,142.52879333496094,426526,0.0,0.0
2025-06-13 13:17:00-04:00,142.52499389648438,142.7449951171875,142.49000549316406,142.69500732421875,466189,0.0,0.0
2025-06-13 13:18:00-04:00,142.6999969482422,142.77999877929688,142.64999389648438,142.6699981689453,218057,0.0,0.0
2025-06-13 13:19:00-04:00,142.67999267578125,142.69859313964844,142.61000061035156,142.6699981689453,192005,0.0,0.0
2025-06-13 13:20:00-04:00,142.67019653320312,142.80999755859375,142.65499877929688,142.80999755859375,261305,0.0,0.0
2025-06-13 13:21:00-04:00,142.80999755859375,142.97999572753906,142.80999755859375,142.87989807128906,463435,0.0,0.0
2025-06-13 13:22:00-04:00,142.875,142.89500427246094,142.7949981689453,142.81480407714844,169577,0.0,0.0
2025-06-13 13:23:00-04:00,142.8000030517578,142.88999938964844,142.75999450683594,142.85000610351562,205625,0.0,0.0
2025-06-13 13:24:00-04:00,142.85000610351562,142.97000122070312,142.8350067138672,142.92999267578125,280320,0.0,0.0
2025-06-13 13:25:00-04:00,142.94500732421875,142.96499633789062,142.8699951171875,142.9199981689453,130824,0.0,0.0
2025-06-13 13:26:00-04:00,142.92990112304688,142.92990112304688,142.82000732421875,142.85499572753906,162687,0.0,0.0
2025-06-13 13:27:00-04:00,142.85009765625,142.86000061035156,142.77000427246094,142.82000732421875,123314,0.0,0.0
2025-06-13 13:28:00-04:00,142.8000030517578,142.82000732421875,142.74000549316406,142.75999450683594,160373,0.0,0.0
2025-06-13 13:29:00-04:00,142.74009704589844,142.75999450683594,142.625,142.65499877929688,272256,0.0,0.0
2025-06-13 13:30:00-04:00,142.65499877929688,142.668701171875,142.5800018310547,142.61000061035156,246963,0.0,0.0
2025-06-13 13:31:00-04:00,142.61000061035156,142.75999450683594,142.60499572753906,142.73699951171875,286337,0.0,0.0
2025-06-13 13:32:00-04:00,142.75,142.77499389648438,142.62010192871094,142.64529418945312,218740,0.0,0.0
2025-06-13 13:33:00-04:00,142.64500427246094,142.75999450683594,142.61500549316406,142.7487030029297,173692,0.0,0.0
2025-06-13 13:34:00-04:00,142.75,142.77000427246094,142.64999389648438,142.6602020263672,176990,0.0,0.0
2025-06-13 13:35:00-04:00,142.64999389648438,142.75,142.61000061035156,142.6999969482422,163989,0.0,0.0
2025-06-13 13:36:00-04:00,142.69500732421875,142.8300018310547,142.6750030517578,142.77499389648438,198267,0.0,0.0
2025-06-13 13:37:00-04:00,142.77499389648438,142.7899932861328,142.66000366210938,142.6959991455078,125611,0.0,0.0
2025-06-13 13:38:00-04:00,142.69859313964844,142.72999572753906,142.58999633789062,142.58999633789062,214369,0.0,0.0
2025-06-13 13:39:00-04:00,142.60000610351562,142.69000244140625,142.5850067138672,142.64500427246094,181601,0.0,0.0
2025-06-13 13:40:00-04:00,142.63999938964844,142.74000549316406,142.5800018310547,142.69500732421875,142006,0.0,0.0
2025-06-13 13:41:00-04:00,142.69000244140625,142.69000244140625,142.62010192871094,142.63999938964844,113810,0.0,0.0
2025-06-13 13:42:00-04:00,142.63499450683594,142.7100067138672,142.6300048828125,142.63499450683594,147740,0.0,0.0
2025-06-13 13:43:00-04:00,142.6300048828125,142.66839599609375,142.52000427246094,142.5200958251953,250107,0.0,0.0
2025-06-13 13:44:00-04:00,142.53480529785156,142.5800018310547,142.3800048828125,142.57000732421875,442299,0.0,0.0
2025-06-13 13:45:00-04:00,142.57000732421875,142.63999938964844,142.52000427246094,142.61000061035156,264174,0.0,0.0
2025-06-13 13:46:00-04:00,142.61000061035156,142.6750030517578,142.57000732421875,142.59500122070312,158118,0.0,0.0
2025-06-13 13:47:00-04:00,142.60000610351562,142.6300048828125,142.52999877929688,142.60000610351562,158119,0.0,0.0
2025-06-13 13:48:00-04:00,142.5919952392578,142.60040283203125,142.52000427246094,142.52499389648438,103233,0.0,0.0
2025-06-13 13:49:00-04:00,142.52000427246094,142.5500030517578,142.4949951171875,142.5500030517578,143647,0.0,0.0
2025-06-13 13:50:00-04:00,142.54539489746094,142.72000122070312,142.5449981689453,142.7100067138672,223676,0.0,0.0
2025-06-13 13:51:00-04:00,142.72000122070312,142.80999755859375,142.7115020751953,142.80499267578125,280747,0.0,0.0
2025-06-13 13:52:00-04:00,142.80239868164062,142.8300018310547,142.72500610351562,142.75999450683594,184583,0.0,0.0
2025-06-13 13:53:00-04:00,142.75999450683594,142.7899932861328,142.71499633789062,142.74000549316406,149212,0.0,0.0
2025-06-13 13:54:00-04:00,142.74000549316406,142.74000549316406,142.65499877929688,142.72000122070312,130026,0.0,0.0
2025-06-13 13:55:00-04:00,142.7281951904297,142.74000549316406,142.59500122070312,142.64869689941406,181506,0.0,0.0
2025-06-13 13:56:00-04:00,142.64849853515625,142.6999969482422,142.61000061035156,142.66000366210938,136748,0.0,0.0
2025-06-13 13:57:00-04:00,142.6759033203125,142.74000549316406,142.65499877929688,142.72500610351562,128740,0.0,0.0
2025-06-13 13:58:00-04:00,142.7200927734375,142.75,142.65499877929688,142.72999572753906,113152,0.0,0.0
2025-06-13 13:59:00-04:00,142.72999572753906,142.74000549316406,142.7050018310547,142.7344970703125,72236,0.0,0.0
2025-06-13 14:00:00-04:00,142.74000549316406,142.83999633789062,142.69500732421875,142.82000732421875,251649,0.0,0.0
2025-06-13 14:01:00-04:00,142.80999755859375,142.8498992919922,142.77999877929688,142.80499267578125,144463,0.0,0.0
2025-06-13 14:02:00-04:00,142.80999755859375,142.8300018310547,142.76010131835938,142.82000732421875,125712,0.0,0.0
2025-06-13 14:03:00-04:00,142.8300018310547,142.83999633789062,142.57000732421875,142.57989501953125,266816,0.0,0.0
2025-06-13 14:04:00-04:00,142.57000732421875,142.58999633789062,142.35000610351562,142.52999877929688,573673,0.0,0.0
2025-06-13 14:05:00-04:00,142.5399932861328,142.6999969482422,142.49000549316406,142.52879333496094,317336,0.0,0.0
2025-06-13 14:06:00-04:00,142.52999877929688,142.5500030517578,142.32000732421875,142.36849975585938,272854,0.0,0.0
2025-06-13 14:07:00-04:00,142.36000061035156,142.38999938964844,142.25999450683594,142.27499389648438,372661,0.0,0.0
2025-06-13 14:08:00-04:00,142.27499389648438,142.35000610351562,142.2100067138672,142.22999572753906,269007,0.0,0.0
2025-06-13 14:09:00-04:00,142.2301025390625,142.2899932861328,142.19000244140625,142.2449951171875,240187,0.0,0.0
2025-06-13 14:10:00-04:00,142.2449951171875,142.28860473632812,142.17880249023438,142.1887969970703,245753,0.0,0.0
2025-06-13 14:11:00-04:00,142.17999267578125,142.3000030517578,142.15499877929688,142.28990173339844,193196,0.0,0.0
2025-06-13 14:12:00-04:00,142.28500366210938,142.3699951171875,142.2449951171875,142.3300018310547,206533,0.0,0.0
2025-06-13 14:13:00-04:00,142.32479858398438,142.3300018310547,142.20159912109375,142.27000427246094,1572429,0.0,0.0
2025-06-13 14:14:00-04:00,142.27000427246094,142.29750061035156,142.1699981689453,142.18899536132812,207246,0.0,0.0
2025-06-13 14:15:00-04:00,142.18519592285156,142.18519592285156,141.8800048828125,142.07870483398438,1153146,0.0,0.0
2025-06-13 14:16:00-04:00,142.0800018310547,142.08999633789062,141.9949951171875,142.0478973388672,310075,0.0,0.0
2025-06-13 14:17:00-04:00,142.0469970703125,142.0800018310547,141.9501953125,141.9501953125,292069,0.0,0.0
2025-06-13 14:18:00-04:00,141.9698944091797,141.97000122070312,141.84019470214844,141.9499969482422,393886,0.0,0.0
2025-06-13 14:19:00-04:00,141.9600067138672,142.0500030517578,141.94500732421875,142.02999877929688,285810,0.0,0.0
2025-06-13 14:20:00-04:00,142.0386962890625,142.0850067138672,141.95010375976562,141.9700927734375,280894,0.0,0.0
2025-06-13 14:21:00-04:00,141.97000122070312,142.00999450683594,141.9062957763672,141.9550018310547,257791,0.0,0.0
2025-06-13 14:22:00-04:00,141.9499969482422,141.9499969482422,141.85000610351562,141.89500427246094,255539,0.0,0.0
2025-06-13 14:23:00-04:00,141.88999938964844,142.05880737304688,141.86000061035156,142.01499938964844,329460,0.0,0.0
2025-06-13 14:24:00-04:00,142.01499938964844,142.0399932861328,141.9550018310547,141.97000122070312,181407,0.0,0.0
2025-06-13 14:25:00-04:00,141.9687957763672,141.9949951171875,141.9199981689453,141.95849609375,135199,0.0,0.0
2025-06-13 14:26:00-04:00,141.9499969482422,141.9550018310547,141.75999450683594,141.8300018310547,369516,0.0,0.0
2025-06-13 14:27:00-04:00,141.82000732421875,141.85000610351562,141.6199951171875,141.69000244140625,480923,0.0,0.0
2025-06-13 14:28:00-04:00,141.66990661621094,141.72500610351562,141.60499572753906,141.68499755859375,273329,0.0,0.0
2025-06-13 14:29:00-04:00,141.6699981689453,141.6750030517578,141.56500244140625,141.60000610351562,331748,0.0,0.0
2025-06-13 14:30:00-04:00,141.58999633789062,141.69000244140625,141.52999877929688,141.57839965820312,386080,0.0,0.0
2025-06-13 14:31:00-04:00,141.57000732421875,141.59820556640625,141.35000610351562,141.4199981689453,699950,0.0,0.0
2025-06-13 14:32:00-04:00,141.4149932861328,141.44000244140625,141.2100067138672,141.2698974609375,562654,0.0,0.0
2025-06-13 14:33:00-04:00,141.25999450683594,141.3520050048828,141.17999267578125,141.19000244140625,431329,0.0,0.0
2025-06-13 14:34:00-04:00,141.19349670410156,141.30999755859375,141.14500427246094,141.2550048828125,566676,0.0,0.0
2025-06-13 14:35:00-04:00,141.25999450683594,141.35000610351562,141.2100067138672,141.27890014648438,401232,0.0,0.0
2025-06-13 14:36:00-04:00,141.26499938964844,141.26499938964844,141.03419494628906,141.07000732421875,515475,0.0,0.0
2025-06-13 14:37:00-04:00,141.07000732421875,141.21969604492188,141.05999755859375,141.10000610351562,481735,0.0,0.0
2025-06-13 14:38:00-04:00,141.08999633789062,141.08999633789062,140.88999938964844,141.0749969482422,1054042,0.0,0.0
2025-06-13 14:39:00-04:00,141.05999755859375,141.16000366210938,141.00999450683594,141.05889892578125,563741,0.0,0.0
2025-06-13 14:40:00-04:00,141.04029846191406,141.22000122070312,140.85499572753906,141.22000122070312,584250,0.0,0.0
2025-06-13 14:41:00-04:00,141.2100067138672,141.3699951171875,141.10000610351562,141.10000610351562,625716,0.0,0.0
2025-06-13 14:42:00-04:00,141.10000610351562,141.2899932861328,141.0800018310547,141.19500732421875,345231,0.0,0.0
2025-06-13 14:43:00-04:00,141.19500732421875,141.27000427246094,141.1199951171875,141.24989318847656,244681,0.0,0.0
2025-06-13 14:44:00-04:00,141.2550048828125,141.36000061035156,141.19000244140625,141.31520080566406,342982,0.0,0.0
2025-06-13 14:45:00-04:00,141.31500244140625,141.5449981689453,141.28500366210938,141.4700927734375,538210,0.0,0.0
2025-06-13 14:46:00-04:00,141.47000122070312,141.52999877929688,141.38999938964844,141.39999389648438,356201,0.0,0.0
2025-06-13 14:47:00-04:00,141.39500427246094,141.4949951171875,141.27499389648438,141.33990478515625,382908,0.0,0.0
2025-06-13 14:48:00-04:00,141.32000732421875,141.37989807128906,141.22000122070312,141.24000549316406,335252,0.0,0.0
2025-06-13 14:49:00-04:00,141.24000549316406,141.2449951171875,141.1417999267578,141.1699981689453,335661,0.0,0.0
2025-06-13 14:50:00-04:00,141.1699981689453,141.3000030517578,141.14999389648438,141.22000122070312,339343,0.0,0.0
2025-06-13 14:51:00-04:00,141.24000549316406,141.42999267578125,141.17999267578125,141.36000061035156,342220,0.0,0.0
2025-06-13 14:52:00-04:00,141.36000061035156,141.44500732421875,141.32000732421875,141.35499572753906,270982,0.0,0.0
2025-06-13 14:53:00-04:00,141.35499572753906,141.47999572753906,141.31500244140625,141.46499633789062,262804,0.0,0.0
2025-06-13 14:54:00-04:00,141.4499969482422,141.66000366210938,141.42999267578125,141.64869689941406,445574,0.0,0.0
2025-06-13 14:55:00-04:00,141.64500427246094,141.77999877929688,141.4615020751953,141.5688934326172,526028,0.0,0.0
2025-06-13 14:56:00-04:00,141.57000732421875,141.63999938964844,141.50999450683594,141.62350463867188,295554,0.0,0.0
2025-06-13 14:57:00-04:00,141.6199951171875,141.63009643554688,141.43870544433594,141.5449981689453,280044,0.0,0.0
2025-06-13 14:58:00-04:00,141.5449981689453,141.66000366210938,141.52000427246094,141.56019592285156,255209,0.0,0.0
2025-06-13 14:59:00-04:00,141.56179809570312,141.77999877929688,141.5399932861328,141.77999877929688,283250,0.0,0.0
2025-06-13 15:00:00-04:00,141.77499389648438,141.89500427246094,141.6999969482422,141.7313995361328,527147,0.0,0.0
2025-06-13 15:01:00-04:00,141.72999572753906,141.77000427246094,141.6199951171875,141.6300048828125,311303,0.0,0.0
2025-06-13 15:02:00-04:00,141.63999938964844,141.65499877929688,141.52499389648438,141.55999755859375,329358,0.0,0.0
2025-06-13 15:03:00-04:00,141.56539916992188,141.73500061035156,141.531005859375,141.64500427246094,331069,0.0,0.0
2025-06-13 15:04:00-04:00,141.63999938964844,141.7100067138672,141.60000610351562,141.6300048828125,204414,0.0,0.0
2025-06-13 15:05:00-04:00,141.6300048828125,141.7899932861328,141.61000061035156,141.77999877929688,261049,0.0,0.0
2025-06-13 15:06:00-04:00,141.77000427246094,141.82989501953125,141.7115020751953,141.79100036621094,305860,0.0,0.0
2025-06-13 15:07:00-04:00,141.7949981689453,141.9199981689453,141.76870727539062,141.89999389648438,284185,0.0,0.0
2025-06-13 15:08:00-04:00,141.89109802246094,141.9250030517578,141.77999877929688,141.80999755859375,262051,0.0,0.0
2025-06-13 15:09:00-04:00,141.80499267578125,141.97000122070312,141.7949981689453,141.9300994873047,540886,0.0,0.0
2025-06-13 15:10:00-04:00,141.93649291992188,141.9600067138672,141.85450744628906,141.93499755859375,257986,0.0,0.0
2025-06-13 15:11:00-04:00,141.9387969970703,141.94000244140625,141.7899932861328,141.8498992919922,241925,0.0,0.0
2025-06-13 15:12:00-04:00,141.83999633789062,141.83999633789062,141.7447967529297,141.8249969482422,189508,0.0,0.0
2025-06-13 15:13:00-04:00,141.8249969482422,141.9351043701172,141.7947998046875,141.8800048828125,261995,0.0,0.0
2025-06-13 15:14:00-04:00,141.8800048828125,142.0399932861328,141.86000061035156,141.9600067138672,397734,0.0,0.0
2025-06-13 15:15:00-04:00,141.96499633789062,142.02000427246094,141.88999938964844,142.0,324534,0.0,0.0
2025-06-13 15:16:00-04:00,141.9949951171875,142.0800018310547,141.97000122070312,142.0,345712,0.0,0.0
2025-06-13 15:17:00-04:00,142.0050048828125,142.02499389648438,141.8699951171875,141.94000244140625,251291,0.0,0.0
2025-06-13 15:18:00-04:00,141.94500732421875,142.00999450683594,141.89999389648438,141.90499877929688,262818,0.0,0.0
2025-06-13 15:19:00-04:00,141.90499877929688,141.90499877929688,141.7949981689453,141.85000610351562,347850,0.0,0.0
2025-06-13 15:20:00-04:00,141.83999633789062,141.97999572753906,141.82000732421875,141.8800048828125,433337,0.0,0.0
2025-06-13 15:21:00-04:00,141.8800048828125,141.9600067138672,141.7301025390625,141.73460388183594,356571,0.0,0.0
2025-06-13 15:22:00-04:00,141.73500061035156,141.79029846191406,141.6199951171875,141.64010620117188,373711,0.0,0.0
2025-06-13 15:23:00-04:00,141.63499450683594,141.65989685058594,141.5800018310547,141.58999633789062,310348,0.0,0.0
2025-06-13 15:24:00-04:00,141.5850067138672,141.64999389648438,141.5500030517578,141.5500030517578,267546,0.0,0.0
2025-06-13 15:25:00-04:00,141.5500030517578,141.5800018310547,141.47000122070312,141.5500030517578,354437,0.0,0.0
2025-06-13 15:26:00-04:00,141.5449981689453,141.60020446777344,141.47999572753906,141.4949951171875,260528,0.0,0.0
2025-06-13 15:27:00-04:00,141.5,141.52999877929688,141.44000244140625,141.4949951171875,231065,0.0,0.0
2025-06-13 15:28:00-04:00,141.4949951171875,141.60000610351562,141.4949951171875,141.5500030517578,375667,0.0,0.0
2025-06-13 15:29:00-04:00,141.5487060546875,141.56500244140625,141.47999572753906,141.5050048828125,225827,0.0,0.0
2025-06-13 15:30:00-04:00,141.5050048828125,141.83999633789062,141.4949951171875,141.80999755859375,3488031,0.0,0.0
2025-06-13 15:31:00-04:00,141.81500244140625,141.85000610351562,141.72999572753906,141.77499389648438,407421,0.0,0.0
2025-06-13 15:32:00-04:00,141.77999877929688,141.84500122070312,141.7100067138672,141.75999450683594,314374,0.0,0.0
2025-06-13 15:33:00-04:00,141.7550048828125,141.7550048828125,141.5,141.55360412597656,417255,0.0,0.0
2025-06-13 15:34:00-04:00,141.5500030517578,141.62989807128906,141.47999572753906,141.60000610351562,306680,0.0,0.0
2025-06-13 15:35:00-04:00,141.59500122070312,141.7100067138672,141.57000732421875,141.66000366210938,298553,0.0,0.0
2025-06-13 15:36:00-04:00,141.6699981689453,141.91000366210938,141.63999938964844,141.89500427246094,421502,0.0,0.0
2025-06-13 15:37:00-04:00,141.89500427246094,141.9600067138672,141.8000030517578,141.91000366210938,367524,0.0,0.0
2025-06-13 15:38:00-04:00,141.9149932861328,141.97999572753906,141.8800048828125,141.9250030517578,348340,0.0,0.0
2025-06-13 15:39:00-04:00,141.9199981689453,141.92999267578125,141.85000610351562,141.89500427246094,278832,0.0,0.0
2025-06-13 15:40:00-04:00,141.88999938964844,141.9282989501953,141.77999877929688,141.9250030517578,324954,0.0,0.0
2025-06-13 15:41:00-04:00,141.9250030517578,142.0,141.8249969482422,141.85989379882812,443769,0.0,0.0
2025-06-13 15:42:00-04:00,141.85499572753906,141.88999938964844,141.69500732421875,141.6999969482422,355094,0.0,0.0
2025-06-13 15:43:00-04:00,141.6999969482422,141.72000122070312,141.64010620117188,141.6623992919922,278687,0.0,0.0
2025-06-13 15:44:00-04:00,141.66000366210938,141.6750030517578,141.57350158691406,141.5883026123047,303609,0.0,0.0
2025-06-13 15:45:00-04:00,141.5800018310547,141.6300048828125,141.4700927734375,141.5800018310547,384044,0.0,0.0
2025-06-13 15:46:00-04:00,141.5800018310547,141.6699981689453,141.47999572753906,141.63870239257812,418900,0.0,0.0
2025-06-13 15:47:00-04:00,141.63009643554688,141.74000549316406,141.4600067138672,141.66000366210938,497244,0.0,0.0
2025-06-13 15:48:00-04:00,141.65499877929688,141.88999938964844,141.6199951171875,141.8300018310547,463692,0.0,0.0
2025-06-13 15:49:00-04:00,141.83999633789062,141.9199981689453,141.77499389648438,141.79989624023438,480021,0.0,0.0
2025-06-13 15:50:00-04:00,141.80999755859375,141.9499969482422,141.75,141.8350067138672,671613,0.0,0.0
2025-06-13 15:51:00-04:00,141.83999633789062,141.88999938964844,141.72000122070312,141.77499389648438,520329,0.0,0.0
2025-06-13 15:52:00-04:00,141.77000427246094,141.8498992919922,141.66000366210938,141.72500610351562,553856,0.0,0.0
2025-06-13 15:53:00-04:00,141.74000549316406,141.8000030517578,141.6282958984375,141.64999389648438,407159,0.0,0.0
2025-06-13 15:54:00-04:00,141.64999389648438,141.75999450683594,141.52000427246094,141.7100067138672,1391265,0.0,0.0
2025-06-13 15:55:00-04:00,141.6999969482422,141.89999389648438,141.66000366210938,141.7449951171875,2030252,0.0,0.0
2025-06-13 15:56:00-04:00,141.7449951171875,141.86000061035156,141.7100067138672,141.75999450683594,637261,0.0,0.0
2025-06-13 15:57:00-04:00,141.75,141.82699584960938,141.7100067138672,141.75999450683594,654284,0.0,0.0
2025-06-13 15:58:00-04:00,141.77000427246094,141.83999633789062,141.72000122070312,141.8000030517578,904912,0.0,0.0
2025-06-13 15:59:00-04:00,141.80499267578125,141.99000549316406,141.72000122070312,141.9600067138672,2601134,0.0,0.0
2025-06-16 09:30:00-04:00,143.34500122070312,143.9499969482422,143.20010375976562,143.7451934814453,7244879,0.0,0.0
2025-06-16 09:31:00-04:00,143.75999450683594,144.3199005126953,143.74000549316406,143.88999938964844,1776133,0.0,0.0
2025-06-16 09:32:00-04:00,143.89280700683594,144.25,143.77999877929688,144.05499267578125,976138,0.0,0.0
2025-06-16 09:33:00-04:00,144.05499267578125,144.17999267578125,143.74000549316406,144.1750030517578,831576,0.0,0.0
2025-06-16 09:34:00-04:00,144.17820739746094,144.3000030517578,143.85499572753906,143.9499969482422,882527,0.0,0.0
2025-06-16 09:35:00-04:00,143.94000244140625,143.9510040283203,143.65499877929688,143.65499877929688,1039966,0.0,0.0
2025-06-16 09:36:00-04:00,143.66000366210938,143.9199981689453,143.5,143.9199981689453,900661,0.0,0.0
2025-06-16 09:37:00-04:00,143.91000366210938,144.0800018310547,143.82000732421875,144.05499267578125,893876,0.0,0.0
2025-06-16 09:38:00-04:00,144.05499267578125,144.0800018310547,143.89500427246094,143.89999389648438,605419,0.0,0.0
2025-06-16 09:39:00-04:00,143.89500427246094,144.09500122070312,143.89500427246094,144.01499938964844,565544,0.0,0.0
2025-06-16 09:40:00-04:00,144.0050048828125,144.0399932861328,143.6999969482422,143.78500366210938,693977,0.0,0.0
2025-06-16 09:41:00-04:00,143.78770446777344,143.8800048828125,143.69000244140625,143.7949981689453,549609,0.0,0.0
2025-06-16 09:42:00-04:00,143.7949981689453,143.90499877929688,143.69000244140625,143.6999969482422,560589,0.0,0.0
2025-06-16 09:43:00-04:00,143.7100067138672,143.86500549316406,143.69569396972656,143.82000732421875,435234,0.0,0.0
2025-06-16 09:44:00-04:00,143.8300018310547,143.9199981689453,143.7100067138672,143.76499938964844,804896,0.0,0.0
2025-06-16 09:45:00-04:00,143.77000427246094,143.97000122070312,143.7449951171875,143.89149475097656,889004,0.0,0.0
2025-06-16 09:46:00-04:00,143.89999389648438,143.9600067138672,143.69000244140625,143.77149963378906,689932,0.0,0.0
2025-06-16 09:47:00-04:00,143.77499389648438,143.88580322265625,143.67999267578125,143.71499633789062,649071,0.0,0.0
2025-06-16 09:48:00-04:00,143.71009826660156,143.831298828125,143.7050018310547,143.79379272460938,332668,0.0,0.0
2025-06-16 09:49:00-04:00,143.80520629882812,144.07000732421875,143.77000427246094,144.0500030517578,1469204,0.0,0.0
2025-06-16 09:50:00-04:00,144.05999755859375,144.06500244140625,143.89500427246094,143.9600067138672,479670,0.0,0.0
2025-06-16 09:51:00-04:00,143.95010375976562,144.13999938964844,143.9199981689453,144.07080078125,668173,0.0,0.0
2025-06-16 09:52:00-04:00,144.06500244140625,144.1199951171875,143.970703125,144.08999633789062,452129,0.0,0.0
2025-06-16 09:53:00-04:00,144.0850067138672,144.35000610351562,144.0449981689453,144.31500244140625,842404,0.0,0.0
2025-06-16 09:54:00-04:00,144.31500244140625,144.39010620117188,144.1699981689453,144.25999450683594,630614,0.0,0.0
2025-06-16 09:55:00-04:00,144.26499938964844,144.5500030517578,144.2550048828125,144.52000427246094,1181880,0.0,0.0
2025-06-16 09:56:00-04:00,144.5050048828125,144.7100067138672,144.4801025390625,144.61109924316406,996278,0.0,0.0
2025-06-16 09:57:00-04:00,144.6199951171875,144.6999969482422,144.47999572753906,144.47999572753906,580291,0.0,0.0
2025-06-16 09:58:00-04:00,144.50999450683594,144.68499755859375,144.47000122070312,144.68499755859375,642638,0.0,0.0
2025-06-16 09:59:00-04:00,144.68499755859375,144.7696990966797,144.57000732421875,144.72999572753906,947866,0.0,0.0
2025-06-16 10:00:00-04:00,144.73800659179688,144.88999938964844,144.72999572753906,144.75999450683594,995056,0.0,0.0
2025-06-16 10:01:00-04:00,144.7550048828125,144.85000610351562,144.6300048828125,144.73500061035156,535248,0.0,0.0
2025-06-16 10:02:00-04:00,144.7386016845703,144.79249572753906,144.5800018310547,144.74000549316406,504439,0.0,0.0
2025-06-16 10:03:00-04:00,144.72999572753906,144.74000549316406,144.52499389648438,144.55990600585938,420021,0.0,0.0
2025-06-16 10:04:00-04:00,144.55499267578125,144.55999755859375,144.4499969482422,144.55999755859375,496486,0.0,0.0
2025-06-16 10:05:00-04:00,144.55999755859375,144.66000366210938,144.33999633789062,144.4149932861328,702169,0.0,0.0
2025-06-16 10:06:00-04:00,144.4149932861328,144.4799041748047,144.25,144.4499969482422,663757,0.0,0.0
2025-06-16 10:07:00-04:00,144.4550018310547,144.47999572753906,144.24000549316406,144.2552032470703,449668,0.0,0.0
2025-06-16 10:08:00-04:00,144.25,144.3300018310547,144.1999969482422,144.30990600585938,431137,0.0,0.0
2025-06-16 10:09:00-04:00,144.30999755859375,144.3699951171875,144.19000244140625,144.23500061035156,632975,0.0,0.0
2025-06-16 10:10:00-04:00,144.22999572753906,144.44000244140625,144.22000122070312,144.39500427246094,432571,0.0,0.0
2025-06-16 10:11:00-04:00,144.39500427246094,144.4600067138672,144.3699951171875,144.42160034179688,259487,0.0,0.0
2025-06-16 10:12:00-04:00,144.4250030517578,144.6497039794922,144.4250030517578,144.5500030517578,1699682,0.0,0.0
2025-06-16 10:13:00-04:00,144.55999755859375,144.65499877929688,144.47999572753906,144.5200958251953,651381,0.0,0.0
2025-06-16 10:14:00-04:00,144.52000427246094,144.59750366210938,144.4600067138672,144.50999450683594,384557,0.0,0.0
2025-06-16 10:15:00-04:00,144.5,144.55999755859375,144.3800048828125,144.5449981689453,450090,0.0,0.0
2025-06-16 10:16:00-04:00,144.5449981689453,144.6300048828125,144.5,144.5449981689453,355543,0.0,0.0
2025-06-16 10:17:00-04:00,144.5507049560547,144.6300048828125,144.49000549316406,144.62969970703125,292025,0.0,0.0
2025-06-16 10:18:00-04:00,144.6300048828125,144.6999969482422,144.5500030517578,144.65130615234375,466161,0.0,0.0
2025-06-16 10:19:00-04:00,144.65890502929688,144.66000366210938,144.5500030517578,144.57859802246094,262550,0.0,0.0
2025-06-16 10:20:00-04:00,144.5800018310547,144.61000061035156,144.47999572753906,144.50999450683594,331575,0.0,0.0
2025-06-16 10:21:00-04:00,144.5050048828125,144.54969787597656,144.4499969482422,144.48500061035156,299652,0.0,0.0
2025-06-16 10:22:00-04:00,144.48500061035156,144.49000549316406,144.27000427246094,144.30650329589844,465909,0.0,0.0
2025-06-16 10:23:00-04:00,144.30499267578125,144.38499450683594,144.25,144.3800048828125,348681,0.0,0.0
2025-06-16 10:24:00-04:00,144.38499450683594,144.47000122070312,144.35000610351562,144.36129760742188,337200,0.0,0.0
2025-06-16 10:25:00-04:00,144.36000061035156,144.4199981689453,144.2812957763672,144.34500122070312,350320,0.0,0.0
2025-06-16 10:26:00-04:00,144.33999633789062,144.4199981689453,144.27999877929688,144.38499450683594,329414,0.0,0.0
2025-06-16 10:27:00-04:00,144.40179443359375,144.40179443359375,144.30999755859375,144.34500122070312,357791,0.0,0.0
2025-06-16 10:28:00-04:00,144.35000610351562,144.47999572753906,144.32009887695312,144.4788055419922,332787,0.0,0.0
2025-06-16 10:29:00-04:00,144.47999572753906,144.5,144.40499877929688,144.47999572753906,405557,0.0,0.0
2025-06-16 10:30:00-04:00,144.47500610351562,144.52999877929688,144.38999938964844,144.5,329178,0.0,0.0
2025-06-16 10:31:00-04:00,144.5,144.52999877929688,144.33999633789062,144.4550018310547,338922,0.0,0.0
2025-06-16 10:32:00-04:00,144.4550018310547,144.46859741210938,144.38999938964844,144.43499755859375,208749,0.0,0.0
2025-06-16 10:33:00-04:00,144.43499755859375,144.44000244140625,144.3699951171875,144.4250030517578,281365,0.0,0.0
2025-06-16 10:34:00-04:00,144.4250030517578,144.66000366210938,144.4123992919922,144.66000366210938,553604,0.0,0.0
2025-06-16 10:35:00-04:00,144.66000366210938,144.74000549316406,144.64999389648438,144.6750030517578,477032,0.0,0.0
2025-06-16 10:36:00-04:00,144.67999267578125,144.67999267578125,144.47000122070312,144.5449981689453,425125,0.0,0.0
2025-06-16 10:37:00-04:00,144.5749969482422,144.58999633789062,144.4499969482422,144.50889587402344,440693,0.0,0.0
2025-06-16 10:38:00-04:00,144.50999450683594,144.5449981689453,144.44000244140625,144.52000427246094,280092,0.0,0.0
2025-06-16 10:39:00-04:00,144.51499938964844,144.5749969482422,144.4199981689453,144.47999572753906,298920,0.0,0.0
2025-06-16 10:40:00-04:00,144.47999572753906,144.55499267578125,144.40029907226562,144.40499877929688,283696,0.0,0.0
2025-06-16 10:41:00-04:00,144.4029998779297,144.6300048828125,144.39999389648438,144.625,731536,0.0,0.0
2025-06-16 10:42:00-04:00,144.625,144.64999389648438,144.43499755859375,144.47999572753906,485564,0.0,0.0
2025-06-16 10:43:00-04:00,144.47300720214844,144.5,144.36000061035156,144.48500061035156,367472,0.0,0.0
2025-06-16 10:44:00-04:00,144.49989318847656,144.5500030517578,144.44000244140625,144.5,603838,0.0,0.0
2025-06-16 10:45:00-04:00,144.5050048828125,144.5500030517578,144.43499755859375,144.44000244140625,268805,0.0,0.0
2025-06-16 10:46:00-04:00,144.44500732421875,144.5,144.2899932861328,144.3614044189453,466513,0.0,0.0
2025-06-16 10:47:00-04:00,144.35879516601562,144.35879516601562,144.19000244140625,144.2100067138672,474583,0.0,0.0
2025-06-16 10:48:00-04:00,144.21539306640625,144.30999755859375,144.1699981689453,144.27499389648438,429370,0.0,0.0
2025-06-16 10:49:00-04:00,144.27000427246094,144.2899932861328,144.19000244140625,144.24000549316406,223002,0.0,0.0
2025-06-16 10:50:00-04:00,144.23500061035156,144.24000549316406,144.02999877929688,144.1300048828125,522532,0.0,0.0
2025-06-16 10:51:00-04:00,144.12989807128906,144.16000366210938,144.02000427246094,144.15499877929688,344217,0.0,0.0
2025-06-16 10:52:00-04:00,144.15989685058594,144.39999389648438,144.15989685058594,144.38499450683594,591879,0.0,0.0
2025-06-16 10:53:00-04:00,144.38499450683594,144.47000122070312,144.35000610351562,144.38499450683594,472765,0.0,0.0
2025-06-16 10:54:00-04:00,144.38499450683594,144.5,144.3699951171875,144.47000122070312,304329,0.0,0.0
2025-06-16 10:55:00-04:00,144.4716033935547,144.5500030517578,144.44009399414062,144.44459533691406,400417,0.0,0.0
2025-06-16 10:56:00-04:00,144.44000244140625,144.4980926513672,144.38999938964844,144.4810028076172,267593,0.0,0.0
2025-06-16 10:57:00-04:00,144.4897003173828,144.52999877929688,144.39999389648438,144.52499389648438,271354,0.0,0.0
2025-06-16 10:58:00-04:00,144.5200958251953,144.60000610351562,144.47000122070312,144.56539916992188,506573,0.0,0.0
2025-06-16 10:59:00-04:00,144.5699005126953,144.75,144.5,144.75,544434,0.0,0.0
2025-06-16 11:00:00-04:00,144.7449951171875,144.82000732421875,144.7100067138672,144.8114013671875,899535,0.0,0.0
2025-06-16 11:01:00-04:00,144.81500244140625,144.94000244140625,144.8000030517578,144.91000366210938,893245,0.0,0.0
2025-06-16 11:02:00-04:00,144.91990661621094,144.99000549316406,144.86000061035156,144.98500061035156,895873,0.0,0.0
2025-06-16 11:03:00-04:00,144.98500061035156,145.0,144.8916015625,144.89999389648438,1430409,0.0,0.0
2025-06-16 11:04:00-04:00,144.89999389648438,145.33999633789062,144.8300018310547,145.3350067138672,6295382,0.0,0.0
2025-06-16 11:05:00-04:00,145.3350067138672,145.55499267578125,145.3000030517578,145.47000122070312,2046710,0.0,0.0
2025-06-16 11:06:00-04:00,145.46499633789062,145.6376953125,145.46499633789062,145.5749969482422,1055457,0.0,0.0
2025-06-16 11:07:00-04:00,145.5749969482422,145.8000030517578,145.55999755859375,145.75,1050465,0.0,0.0
2025-06-16 11:08:00-04:00,145.75,145.8300018310547,145.69000244140625,145.7864990234375,1084146,0.0,0.0
2025-06-16 11:09:00-04:00,145.77999877929688,145.8800048828125,145.6999969482422,145.8489990234375,946949,0.0,0.0
2025-06-16 11:10:00-04:00,145.84500122070312,145.99000549316406,145.8300018310547,145.98500061035156,1167521,0.0,0.0
2025-06-16 11:11:00-04:00,145.99000549316406,146.1750030517578,145.88499450683594,145.88999938964844,3478648,0.0,0.0
2025-06-16 11:12:00-04:00,145.92999267578125,145.9499969482422,145.5800018310547,145.67849731445312,1047634,0.0,0.0
2025-06-16 11:13:00-04:00,145.67999267578125,145.75,145.60499572753906,145.6741943359375,642259,0.0,0.0
2025-06-16 11:14:00-04:00,145.6699981689453,145.72000122070312,145.52000427246094,145.7100067138672,652325,0.0,0.0
2025-06-16 11:15:00-04:00,145.7100067138672,145.77999877929688,145.6300048828125,145.64999389648438,522290,0.0,0.0
2025-06-16 11:16:00-04:00,145.63999938964844,145.72999572753906,145.5800018310547,145.6750030517578,365404,0.0,0.0
2025-06-16 11:17:00-04:00,145.6699981689453,145.82000732421875,145.63999938964844,145.81500244140625,465022,0.0,0.0
2025-06-16 11:18:00-04:00,145.8148956298828,145.9499969482422,145.77999877929688,145.83999633789062,518659,0.0,0.0
2025-06-16 11:19:00-04:00,145.84010314941406,145.99000549316406,145.82009887695312,145.9499969482422,469437,0.0,0.0
2025-06-16 11:20:00-04:00,145.94000244140625,146.0399932861328,145.77999877929688,145.84010314941406,751363,0.0,0.0
2025-06-16 11:21:00-04:00,145.85000610351562,145.85000610351562,145.72999572753906,145.74180603027344,339893,0.0,0.0
2025-06-16 11:22:00-04:00,145.7449951171875,145.8350067138672,145.71499633789062,145.72999572753906,364885,0.0,0.0
2025-06-16 11:23:00-04:00,145.72999572753906,145.77999877929688,145.67999267578125,145.72999572753906,334545,0.0,0.0
2025-06-16 11:24:00-04:00,145.73699951171875,145.86000061035156,145.72000122070312,145.85360717773438,312793,0.0,0.0
2025-06-16 11:25:00-04:00,145.86000061035156,145.97000122070312,145.84500122070312,145.96969604492188,460308,0.0,0.0
2025-06-16 11:26:00-04:00,145.96499633789062,146.0399932861328,145.6199951171875,145.65499877929688,895579,0.0,0.0
2025-06-16 11:27:00-04:00,145.64199829101562,145.7283935546875,145.4600067138672,145.5,600452,0.0,0.0
2025-06-16 11:28:00-04:00,145.5,145.60000610351562,145.5,145.5299072265625,355221,0.0,0.0
2025-06-16 11:29:00-04:00,145.52999877929688,145.5800018310547,145.4199981689453,145.4698028564453,461111,0.0,0.0
2025-06-16 11:30:00-04:00,145.4600067138672,145.6199951171875,145.4019012451172,145.61000061035156,360759,0.0,0.0
2025-06-16 11:31:00-04:00,145.6177978515625,145.69000244140625,145.46499633789062,145.5198974609375,390022,0.0,0.0
2025-06-16 11:32:00-04:00,145.51499938964844,145.63999938964844,145.4770050048828,145.60499572753906,247560,0.0,0.0
2025-06-16 11:33:00-04:00,145.60499572753906,145.72000122070312,145.5500030517578,145.71499633789062,294783,0.0,0.0
2025-06-16 11:34:00-04:00,145.7100067138672,145.93499755859375,145.67999267578125,145.9095001220703,445408,0.0,0.0
2025-06-16 11:35:00-04:00,145.90870666503906,145.9199981689453,145.69000244140625,145.73480224609375,385770,0.0,0.0
2025-06-16 11:36:00-04:00,145.73500061035156,145.8800048828125,145.69180297851562,145.83999633789062,295910,0.0,0.0
2025-06-16 11:37:00-04:00,145.85000610351562,145.88999938964844,145.75,145.8249969482422,259839,0.0,0.0
2025-06-16 11:38:00-04:00,145.83999633789062,145.88999938964844,145.72000122070312,145.75,281713,0.0,0.0
2025-06-16 11:39:00-04:00,145.7550048828125,145.75999450683594,145.6699981689453,145.75999450683594,172419,0.0,0.0
2025-06-16 11:40:00-04:00,145.77000427246094,145.8199005126953,145.72999572753906,145.74000549316406,251488,0.0,0.0
2025-06-16 11:41:00-04:00,145.74000549316406,145.7550048828125,145.5800018310547,145.63479614257812,258494,0.0,0.0
2025-06-16 11:42:00-04:00,145.6300048828125,145.67999267578125,145.55999755859375,145.6746063232422,227894,0.0,0.0
2025-06-16 11:43:00-04:00,145.6699981689453,145.71499633789062,145.60000610351562,145.6717071533203,213511,0.0,0.0
2025-06-16 11:44:00-04:00,145.67990112304688,145.67999267578125,145.6049041748047,145.64999389648438,160961,0.0,0.0
2025-06-16 11:45:00-04:00,145.64999389648438,145.75999450683594,145.64999389648438,145.67999267578125,272626,0.0,0.0
2025-06-16 11:46:00-04:00,145.68499755859375,145.7899932861328,145.66000366210938,145.78500366210938,224896,0.0,0.0
2025-06-16 11:47:00-04:00,145.77999877929688,145.8000030517578,145.7100067138672,145.77459716796875,204811,0.0,0.0
2025-06-16 11:48:00-04:00,145.78199768066406,145.8000030517578,145.6699981689453,145.67999267578125,146772,0.0,0.0
2025-06-16 11:49:00-04:00,145.67860412597656,145.67999267578125,145.60000610351562,145.65179443359375,144668,0.0,0.0
2025-06-16 11:50:00-04:00,145.64010620117188,145.72500610351562,145.5800018310547,145.7100067138672,208378,0.0,0.0
2025-06-16 11:51:00-04:00,145.70480346679688,145.72000122070312,145.5850067138672,145.5850067138672,230098,0.0,0.0
2025-06-16 11:52:00-04:00,145.58999633789062,145.66000366210938,145.57000732421875,145.65870666503906,243035,0.0,0.0
2025-06-16 11:53:00-04:00,145.66000366210938,145.72999572753906,145.55999755859375,145.67999267578125,428237,0.0,0.0
2025-06-16 11:54:00-04:00,145.67990112304688,145.67999267578125,145.5399932861328,145.57009887695312,313422,0.0,0.0
2025-06-16 11:55:00-04:00,145.5749969482422,145.69000244140625,145.5500030517578,145.61500549316406,346110,0.0,0.0
2025-06-16 11:56:00-04:00,145.61000061035156,145.85000610351562,145.47999572753906,145.5800018310547,642970,0.0,0.0
2025-06-16 11:57:00-04:00,145.5850067138672,145.66650390625,145.55990600585938,145.64999389648438,258603,0.0,0.0
2025-06-16 11:58:00-04:00,145.63999938964844,145.6999969482422,145.60499572753906,145.6486053466797,288413,0.0,0.0
2025-06-16 11:59:00-04:00,145.64500427246094,145.66000366210938,145.4499969482422,145.4949951171875,363110,0.0,0.0
2025-06-16 12:00:00-04:00,145.49929809570312,145.74000549316406,145.4801025390625,145.72999572753906,336676,0.0,0.0
2025-06-16 12:01:00-04:00,145.73500061035156,145.75990295410156,145.58999633789062,145.61500549316406,219679,0.0,0.0
2025-06-16 12:02:00-04:00,145.61500549316406,145.64999389648438,145.5800018310547,145.625,155880,0.0,0.0
2025-06-16 12:03:00-04:00,145.625,145.6269989013672,145.5800018310547,145.60000610351562,169928,0.0,0.0
2025-06-16 12:04:00-04:00,145.60000610351562,145.74099731445312,145.57000732421875,145.73500061035156,268762,0.0,0.0
2025-06-16 12:05:00-04:00,145.73500061035156,145.76499938964844,145.64999389648438,145.6649932861328,216889,0.0,0.0
2025-06-16 12:06:00-04:00,145.67999267578125,145.8000030517578,145.67999267578125,145.72999572753906,244711,0.0,0.0
2025-06-16 12:07:00-04:00,145.72000122070312,145.82000732421875,145.69500732421875,145.8177032470703,280849,0.0,0.0
2025-06-16 12:08:00-04:00,145.81500244140625,145.88999938964844,145.8000030517578,145.875,344625,0.0,0.0
2025-06-16 12:09:00-04:00,145.87890625,145.8800048828125,145.77999877929688,145.83030700683594,264260,0.0,0.0
2025-06-16 12:10:00-04:00,145.83990478515625,145.92999267578125,145.8350067138672,145.88499450683594,332389,0.0,0.0
2025-06-16 12:11:00-04:00,145.889892578125,145.9499969482422,145.86000061035156,145.94500732421875,251982,0.0,0.0
2025-06-16 12:12:00-04:00,145.94180297851562,145.97000122070312,145.9149932861328,145.93150329589844,309204,0.0,0.0
2025-06-16 12:13:00-04:00,145.93499755859375,145.9783935546875,145.91000366210938,145.94000244140625,289005,0.0,0.0
2025-06-16 12:14:00-04:00,145.94000244140625,146.0500030517578,145.91000366210938,146.0449981689453,986479,0.0,0.0
2025-06-16 12:15:00-04:00,146.0449981689453,146.0500030517578,145.9499969482422,145.9550018310547,378882,0.0,0.0
2025-06-16 12:16:00-04:00,145.9564971923828,146.02960205078125,145.94000244140625,145.9552001953125,209044,0.0,0.0
2025-06-16 12:17:00-04:00,145.9552001953125,146.02999877929688,145.9499969482422,145.97500610351562,340506,0.0,0.0
2025-06-16 12:18:00-04:00,145.97500610351562,146.05999755859375,145.97500610351562,146.0449981689453,316166,0.0,0.0
2025-06-16 12:19:00-04:00,146.04150390625,146.05499267578125,145.99000549316406,146.0050048828125,233148,0.0,0.0
2025-06-16 12:20:00-04:00,146.0,146.05999755859375,145.9199981689453,145.94000244140625,373565,0.0,0.0
2025-06-16 12:21:00-04:00,145.94000244140625,146.0,145.9199981689453,145.99000549316406,177023,0.0,0.0
2025-06-16 12:22:00-04:00,146.0,146.05999755859375,145.9700927734375,145.97999572753906,344838,0.0,0.0
2025-06-16 12:23:00-04:00,145.9801025390625,146.02000427246094,145.9499969482422,145.97500610351562,226239,0.0,0.0
2025-06-16 12:24:00-04:00,145.97019958496094,145.99000549316406,145.85000610351562,145.90499877929688,415395,0.0,0.0
2025-06-16 12:25:00-04:00,145.89999389648438,145.97999572753906,145.8800048828125,145.9300994873047,280827,0.0,0.0
2025-06-16 12:26:00-04:00,145.9385986328125,145.9781036376953,145.89500427246094,145.90350341796875,268480,0.0,0.0
2025-06-16 12:27:00-04:00,145.90870666503906,145.99000549316406,145.88999938964844,145.9149932861328,191431,0.0,0.0
2025-06-16 12:28:00-04:00,145.91690063476562,146.0,145.889892578125,145.9949951171875,240089,0.0,0.0
2025-06-16 12:29:00-04:00,145.99000549316406,146.0,145.9250030517578,145.9550018310547,307768,0.0,0.0
2025-06-16 12:30:00-04:00,145.96499633789062,146.0399932861328,145.9600067138672,145.99000549316406,339949,0.0,0.0
2025-06-16 12:31:00-04:00,145.98500061035156,145.98500061035156,145.89999389648438,145.91009521484375,261546,0.0,0.0
2025-06-16 12:32:00-04:00,145.9149932861328,145.97999572753906,145.86000061035156,145.9575958251953,309957,0.0,0.0
2025-06-16 12:33:00-04:00,145.9550018310547,146.0,145.91009521484375,145.98500061035156,246155,0.0,0.0
2025-06-16 12:34:00-04:00,145.98500061035156,146.02000427246094,145.89999389648438,145.90870666503906,229145,0.0,0.0
2025-06-16 12:35:00-04:00,145.90499877929688,145.9600067138672,145.88009643554688,145.95880126953125,212034,0.0,0.0
2025-06-16 12:36:00-04:00,145.9575958251953,146.02000427246094,145.90460205078125,145.98500061035156,266565,0.0,0.0
2025-06-16 12:37:00-04:00,145.99000549316406,146.0,145.85000610351562,145.86000061035156,292205,0.0,0.0
2025-06-16 12:38:00-04:00,145.8675994873047,145.8800048828125,145.75,145.7899932861328,408694,0.0,0.0
2025-06-16 12:39:00-04:00,145.7899932861328,145.8000030517578,145.74009704589844,145.77999877929688,283323,0.0,0.0
2025-06-16 12:40:00-04:00,145.78500366210938,145.78799438476562,145.61500549316406,145.63499450683594,369801,0.0,0.0
2025-06-16 12:41:00-04:00,145.63650512695312,145.72500610351562,145.58999633789062,145.61500549316406,309309,0.0,0.0
2025-06-16 12:42:00-04:00,145.61500549316406,145.77499389648438,145.5648956298828,145.7449951171875,450301,0.0,0.0
2025-06-16 12:43:00-04:00,145.74000549316406,145.77000427246094,145.66000366210938,145.7100067138672,279285,0.0,0.0
2025-06-16 12:44:00-04:00,145.6999969482422,145.72000122070312,145.60989379882812,145.68499755859375,273530,0.0,0.0
2025-06-16 12:45:00-04:00,145.69500732421875,145.7052001953125,145.61000061035156,145.63299560546875,222899,0.0,0.0
2025-06-16 12:46:00-04:00,145.6300048828125,145.66000366210938,145.52999877929688,145.63999938964844,379956,0.0,0.0
2025-06-16 12:47:00-04:00,145.64999389648438,145.75,145.63499450683594,145.74000549316406,313070,0.0,0.0
2025-06-16 12:48:00-04:00,145.73199462890625,145.75,145.6699981689453,145.70579528808594,160073,0.0,0.0
2025-06-16 12:49:00-04:00,145.7050018310547,145.74000549316406,145.6699981689453,145.67999267578125,149426,0.0,0.0
2025-06-16 12:50:00-04:00,145.6707000732422,145.67999267578125,145.61000061035156,145.64990234375,172895,0.0,0.0
2025-06-16 12:51:00-04:00,145.64500427246094,145.74850463867188,145.625,145.74000549316406,221303,0.0,0.0
2025-06-16 12:52:00-04:00,145.7449951171875,145.75,145.61500549316406,145.72999572753906,292319,0.0,0.0
2025-06-16 12:53:00-04:00,145.72900390625,145.9199981689453,145.7216033935547,145.75,635247,0.0,0.0
2025-06-16 12:54:00-04:00,145.75,145.7698974609375,145.6699981689453,145.72500610351562,176983,0.0,0.0
2025-06-16 12:55:00-04:00,145.72000122070312,145.80999755859375,145.67999267578125,145.80999755859375,223941,0.0,0.0
2025-06-16 12:56:00-04:00,145.8031005859375,145.80499267578125,145.6699981689453,145.72650146484375,197051,0.0,0.0
2025-06-16 12:57:00-04:00,145.72500610351562,145.72500610351562,145.6699981689453,145.69000244140625,177501,0.0,0.0
2025-06-16 12:58:00-04:00,145.68539428710938,145.74989318847656,145.67999267578125,145.7050018310547,246270,0.0,0.0
2025-06-16 12:59:00-04:00,145.69009399414062,145.69500732421875,145.61500549316406,145.66000366210938,252562,0.0,0.0
2025-06-16 13:00:00-04:00,145.6649932861328,145.72000122070312,145.6199951171875,145.68499755859375,161084,0.0,0.0
2025-06-16 13:01:00-04:00,145.69000244140625,145.6999969482422,145.60499572753906,145.64999389648438,171390,0.0,0.0
2025-06-16 13:02:00-04:00,145.66000366210938,145.72999572753906,145.63999938964844,145.6649932861328,224679,0.0,0.0
2025-06-16 13:03:00-04:00,145.6649932861328,145.67999267578125,145.62989807128906,145.63999938964844,112094,0.0,0.0
2025-06-16 13:04:00-04:00,145.63980102539062,145.7100067138672,145.6199951171875,145.69500732421875,165642,0.0,0.0
2025-06-16 13:05:00-04:00,145.69650268554688,145.7100067138672,145.57000732421875,145.58999633789062,267859,0.0,0.0
2025-06-16 13:06:00-04:00,145.58999633789062,145.6199951171875,145.47000122070312,145.55999755859375,490035,0.0,0.0
2025-06-16 13:07:00-04:00,145.55499267578125,145.64999389648438,145.5399932861328,145.59500122070312,264980,0.0,0.0
2025-06-16 13:08:00-04:00,145.59840393066406,145.61990356445312,145.5,145.50999450683594,162512,0.0,0.0
2025-06-16 13:09:00-04:00,145.50999450683594,145.60000610351562,145.4949951171875,145.60000610351562,170584,0.0,0.0
2025-06-16 13:10:00-04:00,145.59500122070312,145.60000610351562,145.5500030517578,145.55349731445312,172770,0.0,0.0
2025-06-16 13:11:00-04:00,145.55999755859375,145.60499572753906,145.5117950439453,145.53500366210938,161586,0.0,0.0
2025-06-16 13:12:00-04:00,145.52999877929688,145.535400390625,145.47999572753906,145.5,273784,0.0,0.0
2025-06-16 13:13:00-04:00,145.5050048828125,145.53500366210938,145.41000366210938,145.52999877929688,337644,0.0,0.0
2025-06-16 13:14:00-04:00,145.5301055908203,145.5449981689453,145.42999267578125,145.47999572753906,225456,0.0,0.0
2025-06-16 13:15:00-04:00,145.48159790039062,145.48500061035156,145.360107421875,145.44500732421875,314170,0.0,0.0
2025-06-16 13:16:00-04:00,145.44500732421875,145.66000366210938,145.42999267578125,145.6199951171875,310163,0.0,0.0
2025-06-16 13:17:00-04:00,145.6248016357422,145.64999389648438,145.55999755859375,145.64500427246094,228446,0.0,0.0
2025-06-16 13:18:00-04:00,145.64500427246094,145.66580200195312,145.5749969482422,145.6486053466797,308877,0.0,0.0
2025-06-16 13:19:00-04:00,145.64500427246094,145.72000122070312,145.625,145.71499633789062,271624,0.0,0.0
2025-06-16 13:20:00-04:00,145.71539306640625,145.8000030517578,145.66000366210938,145.6649932861328,312780,0.0,0.0
2025-06-16 13:21:00-04:00,145.66250610351562,145.76759338378906,145.66000366210938,145.71499633789062,208441,0.0,0.0
2025-06-16 13:22:00-04:00,145.71499633789062,145.75990295410156,145.69500732421875,145.71139526367188,145228,0.0,0.0
2025-06-16 13:23:00-04:00,145.7100067138672,145.72000122070312,145.57000732421875,145.62350463867188,257383,0.0,0.0
2025-06-16 13:24:00-04:00,145.625,145.64999389648438,145.57009887695312,145.625,188104,0.0,0.0
2025-06-16 13:25:00-04:00,145.6199951171875,145.69000244140625,145.55999755859375,145.65499877929688,252105,0.0,0.0
2025-06-16 13:26:00-04:00,145.65499877929688,145.69500732421875,145.60000610351562,145.63999938964844,119974,0.0,0.0
2025-06-16 13:27:00-04:00,145.6300048828125,145.64999389648438,145.5500030517578,145.63999938964844,148821,0.0,0.0
2025-06-16 13:28:00-04:00,145.6300048828125,145.75999450683594,145.6300048828125,145.71499633789062,246021,0.0,0.0
2025-06-16 13:29:00-04:00,145.72999572753906,145.74000549316406,145.6199951171875,145.625,113521,0.0,0.0
2025-06-16 13:30:00-04:00,145.625,145.6999969482422,145.60000610351562,145.69000244140625,208019,0.0,0.0
2025-06-16 13:31:00-04:00,145.67999267578125,145.67999267578125,145.52999877929688,145.5850067138672,270025,0.0,0.0
2025-06-16 13:32:00-04:00,145.5850067138672,145.6085968017578,145.47999572753906,145.53500366210938,299391,0.0,0.0
2025-06-16 13:33:00-04:00,145.54010009765625,145.5800018310547,145.43179321289062,145.43499755859375,211900,0.0,0.0
2025-06-16 13:34:00-04:00,145.44500732421875,145.47000122070312,145.39999389648438,145.4600067138672,233088,0.0,0.0
2025-06-16 13:35:00-04:00,145.46499633789062,145.50999450683594,145.3300018310547,145.38839721679688,321184,0.0,0.0
2025-06-16 13:36:00-04:00,145.38099670410156,145.44000244140625,145.3000030517578,145.36500549316406,288622,0.0,0.0
2025-06-16 13:37:00-04:00,145.3699951171875,145.39999389648438,145.3000030517578,145.38009643554688,193337,0.0,0.0
2025-06-16 13:38:00-04:00,145.38119506835938,145.42999267578125,145.35000610351562,145.38499450683594,183575,0.0,0.0
2025-06-16 13:39:00-04:00,145.38819885253906,145.41000366210938,145.3300018310547,145.35850524902344,152537,0.0,0.0
2025-06-16 13:40:00-04:00,145.35850524902344,145.47000122070312,145.3386993408203,145.45179748535156,165503,0.0,0.0
2025-06-16 13:41:00-04:00,145.4499969482422,145.5198974609375,145.42999267578125,145.47999572753906,196145,0.0,0.0
2025-06-16 13:42:00-04:00,145.47999572753906,145.5,145.343505859375,145.343505859375,172346,0.0,0.0
2025-06-16 13:43:00-04:00,145.3446044921875,145.38999938964844,145.25999450683594,145.26820373535156,270573,0.0,0.0
2025-06-16 13:44:00-04:00,145.26499938964844,145.30499267578125,145.2100067138672,145.26519775390625,302401,0.0,0.0
2025-06-16 13:45:00-04:00,145.26010131835938,145.35850524902344,145.25999450683594,145.35650634765625,223372,0.0,0.0
2025-06-16 13:46:00-04:00,145.35499572753906,145.368896484375,145.27000427246094,145.36000061035156,188564,0.0,0.0
2025-06-16 13:47:00-04:00,145.3583984375,145.3699951171875,145.2949981689453,145.310302734375,177915,0.0,0.0
2025-06-16 13:48:00-04:00,145.30999755859375,145.44500732421875,145.28500366210938,145.4250030517578,234424,0.0,0.0
2025-06-16 13:49:00-04:00,145.42230224609375,145.4384002685547,145.360107421875,145.37120056152344,179689,0.0,0.0
2025-06-16 13:50:00-04:00,145.3800048828125,145.39999389648438,145.33999633789062,145.375,135661,0.0,0.0
2025-06-16 13:51:00-04:00,145.37989807128906,145.3800048828125,145.27000427246094,145.360107421875,165259,0.0,0.0
2025-06-16 13:52:00-04:00,145.375,145.375,145.25999450683594,145.29800415039062,263025,0.0,0.0
2025-06-16 13:53:00-04:00,145.29530334472656,145.32000732421875,145.25999450683594,145.29690551757812,189662,0.0,0.0
2025-06-16 13:54:00-04:00,145.3000030517578,145.34500122070312,145.25,145.26010131835938,291538,0.0,0.0
2025-06-16 13:55:00-04:00,145.26499938964844,145.27000427246094,145.13999938964844,145.2100067138672,445205,0.0,0.0
2025-06-16 13:56:00-04:00,145.2050018310547,145.25,145.1199951171875,145.1199951171875,169094,0.0,0.0
2025-06-16 13:57:00-04:00,145.12469482421875,145.17999267578125,145.06500244140625,145.0749969482422,359096,0.0,0.0
2025-06-16 13:58:00-04:00,145.0749969482422,145.11000061035156,145.02999877929688,145.09500122070312,353412,0.0,0.0
2025-06-16 13:59:00-04:00,145.0850067138672,145.2075958251953,145.0500030517578,145.1999969482422,290705,0.0,0.0
2025-06-16 14:00:00-04:00,145.1999969482422,145.25,145.17999267578125,145.22799682617188,216600,0.0,0.0
2025-06-16 14:01:00-04:00,145.22500610351562,145.35000610351562,145.21499633789062,145.3345947265625,355843,0.0,0.0
2025-06-16 14:02:00-04:00,145.3350067138672,145.33999633789062,145.25,145.2602996826172,197885,0.0,0.0
2025-06-16 14:03:00-04:00,145.26019287109375,145.2899932861328,145.17999267578125,145.26499938964844,205622,0.0,0.0
2025-06-16 14:04:00-04:00,145.26499938964844,145.27499389648438,145.1999969482422,145.22900390625,124453,0.0,0.0
2025-06-16 14:05:00-04:00,145.22999572753906,145.27000427246094,145.1999969482422,145.2550048828125,135325,0.0,0.0
2025-06-16 14:06:00-04:00,145.2550048828125,145.2899932861328,145.2200927734375,145.25,177158,0.0,0.0
2025-06-16 14:07:00-04:00,145.24000549316406,145.24000549316406,145.1699981689453,145.21519470214844,157905,0.0,0.0
2025-06-16 14:08:00-04:00,145.21499633789062,145.25,145.13999938964844,145.1417999267578,167021,0.0,0.0
2025-06-16 14:09:00-04:00,145.14700317382812,145.1699981689453,145.11500549316406,145.152099609375,212040,0.0,0.0
2025-06-16 14:10:00-04:00,145.15989685058594,145.15989685058594,145.08999633789062,145.125,164173,0.0,0.0
2025-06-16 14:11:00-04:00,145.125,145.125,145.0399932861328,145.04840087890625,259792,0.0,0.0
2025-06-16 14:12:00-04:00,145.0399932861328,145.13999938964844,145.0399932861328,145.1154022216797,251588,0.0,0.0
2025-06-16 14:13:00-04:00,145.11990356445312,145.16000366210938,145.10000610351562,145.10499572753906,158627,0.0,0.0
2025-06-16 14:14:00-04:00,145.10499572753906,145.14999389648438,145.09500122070312,145.13499450683594,140236,0.0,0.0
2025-06-16 14:15:00-04:00,145.13499450683594,145.26499938964844,145.1269989013672,145.25999450683594,245602,0.0,0.0
2025-06-16 14:16:00-04:00,145.2550048828125,145.28500366210938,145.13999938964844,145.1699981689453,271899,0.0,0.0
2025-06-16 14:17:00-04:00,145.1699981689453,145.19000244140625,145.1300048828125,145.14999389648438,146125,0.0,0.0
2025-06-16 14:18:00-04:00,145.14500427246094,145.16990661621094,145.12010192871094,145.14999389648438,113699,0.0,0.0
2025-06-16 14:19:00-04:00,145.14500427246094,145.18870544433594,145.1199951171875,145.17869567871094,121263,0.0,0.0
2025-06-16 14:20:00-04:00,145.1699981689453,145.17999267578125,145.0749969482422,145.08999633789062,193038,0.0,0.0
2025-06-16 14:21:00-04:00,145.08999633789062,145.16000366210938,145.05999755859375,145.14500427246094,214374,0.0,0.0
2025-06-16 14:22:00-04:00,145.14500427246094,145.16000366210938,145.1199951171875,145.15499877929688,104866,0.0,0.0
2025-06-16 14:23:00-04:00,145.15499877929688,145.22500610351562,145.1414031982422,145.2050018310547,167727,0.0,0.0
2025-06-16 14:24:00-04:00,145.2010040283203,145.27000427246094,145.19000244140625,145.25149536132812,169316,0.0,0.0
2025-06-16 14:25:00-04:00,145.2548065185547,145.27999877929688,145.20010375976562,145.2050018310547,192552,0.0,0.0
2025-06-16 14:26:00-04:00,145.2100067138672,145.25579833984375,145.1649932861328,145.19000244140625,133913,0.0,0.0
2025-06-16 14:27:00-04:00,145.17999267578125,145.24989318847656,145.15499877929688,145.17999267578125,717610,0.0,0.0
2025-06-16 14:28:00-04:00,145.17849731445312,145.25,145.1750030517578,145.22000122070312,87641,0.0,0.0
2025-06-16 14:29:00-04:00,145.22500610351562,145.25,145.19500732421875,145.22999572753906,107390,0.0,0.0
2025-06-16 14:30:00-04:00,145.2216033935547,145.2498016357422,145.09500122070312,145.0998992919922,206751,0.0,0.0
2025-06-16 14:31:00-04:00,145.09500122070312,145.17999267578125,145.08999633789062,145.11000061035156,202995,0.0,0.0
2025-06-16 14:32:00-04:00,145.10000610351562,145.12820434570312,145.07000732421875,145.1199951171875,171242,0.0,0.0
2025-06-16 14:33:00-04:00,145.11000061035156,145.16000366210938,145.07000732421875,145.13999938964844,150379,0.0,0.0
2025-06-16 14:34:00-04:00,145.13699340820312,145.1649932861328,145.10159301757812,145.1446075439453,113557,0.0,0.0
2025-06-16 14:35:00-04:00,145.14500427246094,145.16000366210938,145.0800018310547,145.1300048828125,184945,0.0,0.0
2025-06-16 14:36:00-04:00,145.1300048828125,145.25999450683594,145.11500549316406,145.21530151367188,343457,0.0,0.0
2025-06-16 14:37:00-04:00,145.22500610351562,145.24000549316406,145.19000244140625,145.1999969482422,188414,0.0,0.0
2025-06-16 14:38:00-04:00,145.19500732421875,145.25,145.1699981689453,145.1750030517578,128167,0.0,0.0
2025-06-16 14:39:00-04:00,145.19000244140625,145.19000244140625,145.05999755859375,145.10499572753906,171505,0.0,0.0
2025-06-16 14:40:00-04:00,145.10000610351562,145.13499450683594,145.0500030517578,145.12879943847656,160588,0.0,0.0
2025-06-16 14:41:00-04:00,145.125,145.22000122070312,145.1199951171875,145.19500732421875,159448,0.0,0.0
2025-06-16 14:42:00-04:00,145.19500732421875,145.22500610351562,145.16000366210938,145.18499755859375,114325,0.0,0.0
2025-06-16 14:43:00-04:00,145.18499755859375,145.1999969482422,145.16000366210938,145.18499755859375,95104,0.0,0.0
2025-06-16 14:44:00-04:00,145.18499755859375,145.1999969482422,145.1750030517578,145.19349670410156,106032,0.0,0.0
2025-06-16 14:45:00-04:00,145.19000244140625,145.22999572753906,145.11000061035156,145.14999389648438,184815,0.0,0.0
2025-06-16 14:46:00-04:00,145.13999938964844,145.19500732421875,145.0800018310547,145.0847930908203,299288,0.0,0.0
2025-06-16 14:47:00-04:00,145.0850067138672,145.10000610351562,145.06500244140625,145.07000732421875,123574,0.0,0.0
2025-06-16 14:48:00-04:00,145.07000732421875,145.10000610351562,145.0399932861328,145.06500244140625,198048,0.0,0.0
2025-06-16 14:49:00-04:00,145.06500244140625,145.06500244140625,144.8699951171875,144.90499877929688,767331,0.0,0.0
2025-06-16 14:50:00-04:00,144.9001007080078,144.9600067138672,144.85000610351562,144.9550018310547,324157,0.0,0.0
2025-06-16 14:51:00-04:00,144.9600067138672,144.97850036621094,144.88999938964844,144.97000122070312,223807,0.0,0.0
2025-06-16 14:52:00-04:00,144.97999572753906,145.05999755859375,144.9600067138672,145.01499938964844,322350,0.0,0.0
2025-06-16 14:53:00-04:00,145.0117950439453,145.0800018310547,145.00999450683594,145.01499938964844,538550,0.0,0.0
2025-06-16 14:54:00-04:00,145.01499938964844,145.0800018310547,144.99000549316406,145.0751953125,187431,0.0,0.0
2025-06-16 14:55:00-04:00,145.0749969482422,145.10000610351562,145.0399932861328,145.0500030517578,226008,0.0,0.0
2025-06-16 14:56:00-04:00,145.0500030517578,145.09519958496094,145.02999877929688,145.0449981689453,157522,0.0,0.0
2025-06-16 14:57:00-04:00,145.05499267578125,145.08999633789062,145.05020141601562,145.0749969482422,120353,0.0,0.0
2025-06-16 14:58:00-04:00,145.0800018310547,145.1199951171875,145.02000427246094,145.05499267578125,427388,0.0,0.0
2025-06-16 14:59:00-04:00,145.05479431152344,145.0800018310547,144.99000549316406,145.0028076171875,219303,0.0,0.0
2025-06-16 15:00:00-04:00,145.0,145.10000610351562,144.99000549316406,145.05999755859375,225273,0.0,0.0
2025-06-16 15:01:00-04:00,145.06500244140625,145.0850067138672,145.03179931640625,145.06649780273438,119888,0.0,0.0
2025-06-16 15:02:00-04:00,145.06179809570312,145.10000610351562,145.0500030517578,145.0688018798828,141888,0.0,0.0
2025-06-16 15:03:00-04:00,145.06500244140625,145.07000732421875,145.02999877929688,145.03500366210938,146496,0.0,0.0
2025-06-16 15:04:00-04:00,145.0399932861328,145.08999633789062,145.02499389648438,145.0749969482422,224073,0.0,0.0
2025-06-16 15:05:00-04:00,145.0749969482422,145.0800018310547,145.00999450683594,145.02000427246094,296554,0.0,0.0
2025-06-16 15:06:00-04:00,145.02499389648438,145.07000732421875,145.02000427246094,145.06179809570312,196142,0.0,0.0
2025-06-16 15:07:00-04:00,145.06500244140625,145.10000610351562,145.02999877929688,145.0941925048828,255739,0.0,0.0
2025-06-16 15:08:00-04:00,145.09519958496094,145.11000061035156,144.94000244140625,144.9600067138672,444994,0.0,0.0
2025-06-16 15:09:00-04:00,144.9550018310547,144.9600067138672,144.8699951171875,144.9600067138672,354678,0.0,0.0
2025-06-16 15:10:00-04:00,144.9499969482422,144.9600067138672,144.86000061035156,144.9149932861328,259302,0.0,0.0
2025-06-16 15:11:00-04:00,144.91839599609375,144.91839599609375,144.7100067138672,144.80499267578125,573527,0.0,0.0
2025-06-16 15:12:00-04:00,144.80870056152344,144.80870056152344,144.7100067138672,144.77499389648438,296091,0.0,0.0
2025-06-16 15:13:00-04:00,144.7799072265625,144.97000122070312,144.7799072265625,144.9499969482422,347606,0.0,0.0
2025-06-16 15:14:00-04:00,144.9600067138672,144.97500610351562,144.8300018310547,144.8350067138672,271282,0.0,0.0
2025-06-16 15:15:00-04:00,144.83990478515625,144.83999633789062,144.7899932861328,144.8282012939453,206982,0.0,0.0
2025-06-16 15:16:00-04:00,144.82989501953125,144.99000549316406,144.81500244140625,144.9600067138672,309662,0.0,0.0
2025-06-16 15:17:00-04:00,144.9698944091797,144.99000549316406,144.8000030517578,144.80990600585938,247673,0.0,0.0
2025-06-16 15:18:00-04:00,144.80520629882812,144.90989685058594,144.80499267578125,144.88999938964844,194349,0.0,0.0
2025-06-16 15:19:00-04:00,144.88999938964844,144.88999938964844,144.85000610351562,144.86500549316406,146886,0.0,0.0
2025-06-16 15:20:00-04:00,144.86000061035156,144.86500549316406,144.75999450683594,144.76499938964844,215578,0.0,0.0
2025-06-16 15:21:00-04:00,144.76499938964844,145.0850067138672,144.7449951171875,145.00929260253906,765989,0.0,0.0
2025-06-16 15:22:00-04:00,145.00999450683594,145.02499389648438,144.90150451660156,145.02000427246094,319738,0.0,0.0
2025-06-16 15:23:00-04:00,145.02999877929688,145.10000610351562,145.02000427246094,145.05499267578125,441669,0.0,0.0
2025-06-16 15:24:00-04:00,145.05880737304688,145.06500244140625,144.97999572753906,145.02499389648438,215275,0.0,0.0
2025-06-16 15:25:00-04:00,145.02000427246094,145.03990173339844,144.94000244140625,145.03500366210938,302724,0.0,0.0
2025-06-16 15:26:00-04:00,145.03500366210938,145.06500244140625,144.99139404296875,145.0200958251953,269662,0.0,0.0
2025-06-16 15:27:00-04:00,145.02999877929688,145.25,145.0,145.02000427246094,472840,0.0,0.0
2025-06-16 15:28:00-04:00,145.00999450683594,145.02999877929688,144.9499969482422,145.0050048828125,238327,0.0,0.0
2025-06-16 15:29:00-04:00,145.0050048828125,145.02999877929688,144.92999267578125,144.97000122070312,214613,0.0,0.0
2025-06-16 15:30:00-04:00,144.97500610351562,145.0,144.8946075439453,144.89999389648438,306271,0.0,0.0
2025-06-16 15:31:00-04:00,144.88999938964844,144.93499755859375,144.7100067138672,144.71499633789062,654307,0.0,0.0
2025-06-16 15:32:00-04:00,144.71499633789062,144.72850036621094,144.55499267578125,144.72799682617188,678921,0.0,0.0
2025-06-16 15:33:00-04:00,144.72659301757812,144.80999755859375,144.7200927734375,144.77499389648438,344265,0.0,0.0
2025-06-16 15:34:00-04:00,144.77499389648438,144.7886962890625,144.7100067138672,144.73500061035156,200256,0.0,0.0
2025-06-16 15:35:00-04:00,144.74000549316406,144.74000549316406,144.6699981689453,144.6999969482422,267587,0.0,0.0
2025-06-16 15:36:00-04:00,144.7100067138672,144.75,144.63499450683594,144.72000122070312,316342,0.0,0.0
2025-06-16 15:37:00-04:00,144.71499633789062,144.75999450683594,144.59500122070312,144.625,297588,0.0,0.0
2025-06-16 15:38:00-04:00,144.62869262695312,144.63999938964844,144.57000732421875,144.60499572753906,300145,0.0,0.0
2025-06-16 15:39:00-04:00,144.60000610351562,144.6199951171875,144.52999877929688,144.60000610351562,343284,0.0,0.0
2025-06-16 15:40:00-04:00,144.59500122070312,144.67990112304688,144.57000732421875,144.66000366210938,279422,0.0,0.0
2025-06-16 15:41:00-04:00,144.6699981689453,144.71499633789062,144.63499450683594,144.7050018310547,271081,0.0,0.0
2025-06-16 15:42:00-04:00,144.7050018310547,144.7386932373047,144.64500427246094,144.65499877929688,99488,0.0,0.0
2025-06-16 15:43:00-04:00,144.64999389648438,144.66000366210938,144.5500030517578,144.59500122070312,283900,0.0,0.0
2025-06-16 15:44:00-04:00,144.59500122070312,144.67649841308594,144.55999755859375,144.67649841308594,253328,0.0,0.0
2025-06-16 15:45:00-04:00,144.6699981689453,144.72999572753906,144.64999389648438,144.69500732421875,273700,0.0,0.0
2025-06-16 15:46:00-04:00,144.70799255371094,144.71499633789062,144.58999633789062,144.625,283820,0.0,0.0
2025-06-16 15:47:00-04:00,144.62969970703125,144.6750030517578,144.57000732421875,144.6750030517578,300388,0.0,0.0
2025-06-16 15:48:00-04:00,144.6750030517578,144.67999267578125,144.5800018310547,144.67030334472656,340791,0.0,0.0
2025-06-16 15:49:00-04:00,144.67999267578125,144.69500732421875,144.63119506835938,144.6750030517578,293765,0.0,0.0
2025-06-16 15:50:00-04:00,144.6699981689453,144.6739959716797,144.5,144.55999755859375,619319,0.0,0.0
2025-06-16 15:51:00-04:00,144.5500030517578,144.55999755859375,144.38999938964844,144.4149932861328,606693,0.0,0.0
2025-06-16 15:52:00-04:00,144.418701171875,144.5,144.4001007080078,144.43499755859375,442135,0.0,0.0
2025-06-16 15:53:00-04:00,144.43499755859375,144.47999572753906,144.2899932861328,144.3350067138672,632551,0.0,0.0
2025-06-16 15:54:00-04:00,144.3300018310547,144.72999572753906,144.27000427246094,144.53500366210938,901347,0.0,0.0
2025-06-16 15:55:00-04:00,144.5399932861328,144.73500061035156,144.42999267578125,144.52000427246094,761165,0.0,0.0
2025-06-16 15:56:00-04:00,144.52999877929688,144.61500549316406,144.47000122070312,144.60000610351562,653637,0.0,0.0
2025-06-16 15:57:00-04:00,144.60000610351562,144.61500549316406,144.5,144.54969787597656,886572,0.0,0.0
2025-06-16 15:58:00-04:00,144.54010009765625,144.5800018310547,144.3800048828125,144.39500427246094,1168601,0.0,0.0
2025-06-16 15:59:00-04:00,144.39999389648438,144.69000244140625,144.30999755859375,144.6699981689453,2695171,0.0,0.0
2025-06-17 09:30:00-04:00,144.49000549316406,144.99000549316406,144.3101043701172,144.875,8210947,0.0,0.0
2025-06-17 09:31:00-04:00,144.875,145.22000122070312,144.53269958496094,144.73500061035156,1182225,0.0,0.0
2025-06-17 09:32:00-04:00,144.73500061035156,144.89999389648438,144.17999267578125,144.39999389648438,1055321,0.0,0.0
2025-06-17 09:33:00-04:00,144.38999938964844,144.69000244140625,144.24000549316406,144.63009643554688,678860,0.0,0.0
2025-06-17 09:34:00-04:00,144.6302947998047,144.85000610351562,144.58999633789062,144.81979370117188,618388,0.0,0.0
2025-06-17 09:35:00-04:00,144.81500244140625,144.9698944091797,144.6199951171875,144.82000732421875,689429,0.0,0.0
2025-06-17 09:36:00-04:00,144.80999755859375,144.86000061035156,144.6999969482422,144.76499938964844,486718,0.0,0.0
2025-06-17 09:37:00-04:00,144.77000427246094,145.0399932861328,144.6699981689453,144.72799682617188,764453,0.0,0.0
2025-06-17 09:38:00-04:00,144.72500610351562,144.8350067138672,144.6699981689453,144.78500366210938,494442,0.0,0.0
2025-06-17 09:39:00-04:00,144.7899932861328,145.02999877929688,144.74000549316406,145.00999450683594,630916,0.0,0.0
2025-06-17 09:40:00-04:00,145.00999450683594,145.07000732421875,144.75,144.80999755859375,608975,0.0,0.0
2025-06-17 09:41:00-04:00,144.80169677734375,144.94000244140625,144.69000244140625,144.72000122070312,561880,0.0,0.0
2025-06-17 09:42:00-04:00,144.71499633789062,144.72999572753906,144.44000244140625,144.56500244140625,895370,0.0,0.0
2025-06-17 09:43:00-04:00,144.55999755859375,144.60000610351562,144.2917938232422,144.32000732421875,649663,0.0,0.0
2025-06-17 09:44:00-04:00,144.3209991455078,144.33999633789062,144.0399932861328,144.10499572753906,727378,0.0,0.0
2025-06-17 09:45:00-04:00,144.11000061035156,144.34800720214844,144.0200958251953,144.2550048828125,708000,0.0,0.0
2025-06-17 09:46:00-04:00,144.2550048828125,144.38999938964844,144.15499877929688,144.27999877929688,519042,0.0,0.0
2025-06-17 09:47:00-04:00,144.28599548339844,144.4600067138672,144.27999877929688,144.31500244140625,412194,0.0,0.0
2025-06-17 09:48:00-04:00,144.32000732421875,144.4199981689453,144.25,144.28500366210938,565657,0.0,0.0
2025-06-17 09:49:00-04:00,144.28500366210938,144.44000244140625,144.27000427246094,144.36500549316406,329985,0.0,0.0
2025-06-17 09:50:00-04:00,144.3699951171875,144.4416046142578,144.17999267578125,144.35499572753906,574732,0.0,0.0
2025-06-17 09:51:00-04:00,144.34010314941406,144.52000427246094,144.2899932861328,144.44000244140625,558139,0.0,0.0
2025-06-17 09:52:00-04:00,144.44000244140625,144.60000610351562,144.44000244140625,144.4971923828125,480784,0.0,0.0
2025-06-17 09:53:00-04:00,144.51499938964844,144.52870178222656,144.35000610351562,144.47999572753906,258192,0.0,0.0
2025-06-17 09:54:00-04:00,144.47500610351562,144.64999389648438,144.42999267578125,144.64500427246094,391369,0.0,0.0
2025-06-17 09:55:00-04:00,144.64500427246094,144.64500427246094,144.49000549316406,144.5,331760,0.0,0.0
2025-06-17 09:56:00-04:00,144.5,144.9199981689453,144.49000549316406,144.88999938964844,693584,0.0,0.0
2025-06-17 09:57:00-04:00,144.91000366210938,144.9149932861328,144.74000549316406,144.81869506835938,377718,0.0,0.0
2025-06-17 09:58:00-04:00,144.82000732421875,144.8249969482422,144.67999267578125,144.68870544433594,308203,0.0,0.0
2025-06-17 09:59:00-04:00,144.6884002685547,144.75999450683594,144.6699981689453,144.7550048828125,378208,0.0,0.0
2025-06-17 10:00:00-04:00,144.7550048828125,144.94000244140625,144.64999389648438,144.6750030517578,564700,0.0,0.0
2025-06-17 10:01:00-04:00,144.6746063232422,144.77000427246094,144.5500030517578,144.60989379882812,426509,0.0,0.0
2025-06-17 10:02:00-04:00,144.60009765625,144.75999450683594,144.57000732421875,144.6750030517578,344949,0.0,0.0
2025-06-17 10:03:00-04:00,144.67999267578125,144.81500244140625,144.67999267578125,144.77000427246094,270245,0.0,0.0
2025-06-17 10:04:00-04:00,144.77999877929688,144.83999633789062,144.6199951171875,144.66990661621094,367419,0.0,0.0
2025-06-17 10:05:00-04:00,144.67999267578125,144.7097930908203,144.47999572753906,144.60499572753906,422643,0.0,0.0
2025-06-17 10:06:00-04:00,144.60499572753906,144.68499755859375,144.5800018310547,144.6699981689453,268305,0.0,0.0
2025-06-17 10:07:00-04:00,144.66000366210938,144.83999633789062,144.66000366210938,144.75999450683594,409163,0.0,0.0
2025-06-17 10:08:00-04:00,144.76499938964844,144.85000610351562,144.6699981689453,144.8249969482422,312439,0.0,0.0
2025-06-17 10:09:00-04:00,144.8300018310547,144.9199981689453,144.75999450683594,144.76499938964844,413798,0.0,0.0
2025-06-17 10:10:00-04:00,144.77000427246094,144.86000061035156,144.77000427246094,144.83999633789062,276619,0.0,0.0
2025-06-17 10:11:00-04:00,144.83999633789062,144.91000366210938,144.8300018310547,144.8350067138672,314123,0.0,0.0
2025-06-17 10:12:00-04:00,144.8585968017578,144.90499877929688,144.77000427246094,144.8354034423828,302869,0.0,0.0
2025-06-17 10:13:00-04:00,144.8300018310547,144.8800048828125,144.8000030517578,144.83880615234375,203665,0.0,0.0
2025-06-17 10:14:00-04:00,144.8350067138672,144.92999267578125,144.77999877929688,144.86349487304688,273023,0.0,0.0
2025-06-17 10:15:00-04:00,144.86000061035156,144.9499969482422,144.83999633789062,144.90499877929688,286613,0.0,0.0
2025-06-17 10:16:00-04:00,144.89999389648438,145.0399932861328,144.83009338378906,144.84500122070312,723216,0.0,0.0
2025-06-17 10:17:00-04:00,144.84869384765625,144.9499969482422,144.7899932861328,144.7899932861328,322433,0.0,0.0
2025-06-17 10:18:00-04:00,144.79010009765625,144.8070068359375,144.6300048828125,144.7449951171875,515848,0.0,0.0
2025-06-17 10:19:00-04:00,144.7469940185547,144.8300018310547,144.7218017578125,144.76499938964844,237002,0.0,0.0
2025-06-17 10:20:00-04:00,144.75999450683594,144.7949981689453,144.67010498046875,144.67889404296875,246364,0.0,0.0
2025-06-17 10:21:00-04:00,144.6750030517578,144.69000244140625,144.55999755859375,144.58999633789062,328458,0.0,0.0
2025-06-17 10:22:00-04:00,144.5749969482422,144.60000610351562,144.50999450683594,144.52999877929688,270994,0.0,0.0
2025-06-17 10:23:00-04:00,144.52859497070312,144.58999633789062,144.42999267578125,144.44500732421875,400988,0.0,0.0
2025-06-17 10:24:00-04:00,144.44500732421875,144.4801025390625,144.34019470214844,144.38999938964844,457062,0.0,0.0
2025-06-17 10:25:00-04:00,144.38999938964844,144.4499969482422,144.38499450683594,144.39500427246094,244932,0.0,0.0
2025-06-17 10:26:00-04:00,144.39010620117188,144.39999389648438,144.25,144.2949981689453,440946,0.0,0.0
2025-06-17 10:27:00-04:00,144.29989624023438,144.46499633789062,144.26499938964844,144.46499633789062,329056,0.0,0.0
2025-06-17 10:28:00-04:00,144.46499633789062,144.49830627441406,144.38009643554688,144.44000244140625,335135,0.0,0.0
2025-06-17 10:29:00-04:00,144.42999267578125,144.47000122070312,144.3876953125,144.3986053466797,213564,0.0,0.0
2025-06-17 10:30:00-04:00,144.38999938964844,144.49000549316406,144.36000061035156,144.4801025390625,213748,0.0,0.0
2025-06-17 10:31:00-04:00,144.49000549316406,144.52999877929688,144.4199981689453,144.4199981689453,240453,0.0,0.0
2025-06-17 10:32:00-04:00,144.4149932861328,144.52999877929688,144.38999938964844,144.5050048828125,234052,0.0,0.0
2025-06-17 10:33:00-04:00,144.5050048828125,144.6300048828125,144.5,144.55999755859375,365777,0.0,0.0
2025-06-17 10:34:00-04:00,144.55499267578125,144.61000061035156,144.52000427246094,144.5402069091797,210815,0.0,0.0
2025-06-17 10:35:00-04:00,144.5500030517578,144.5500030517578,144.35000610351562,144.4550018310547,289627,0.0,0.0
2025-06-17 10:36:00-04:00,144.4550018310547,144.48500061035156,144.38999938964844,144.39500427246094,164185,0.0,0.0
2025-06-17 10:37:00-04:00,144.39990234375,144.39999389648438,144.25,144.28500366210938,348282,0.0,0.0
2025-06-17 10:38:00-04:00,144.2899932861328,144.4499969482422,144.27999877929688,144.44500732421875,304090,0.0,0.0
2025-06-17 10:39:00-04:00,144.44500732421875,144.44500732421875,144.2899932861328,144.2899932861328,188285,0.0,0.0
2025-06-17 10:40:00-04:00,144.3000030517578,144.40989685058594,144.25,144.32000732421875,317971,0.0,0.0
2025-06-17 10:41:00-04:00,144.30999755859375,144.38999938964844,144.2550048828125,144.2899932861328,290300,0.0,0.0
2025-06-17 10:42:00-04:00,144.3000030517578,144.3498992919922,144.24000549316406,144.3000030517578,286733,0.0,0.0
2025-06-17 10:43:00-04:00,144.3000030517578,144.4199981689453,144.27999877929688,144.41859436035156,284617,0.0,0.0
2025-06-17 10:44:00-04:00,144.4149932861328,144.5,144.41009521484375,144.44009399414062,331966,0.0,0.0
2025-06-17 10:45:00-04:00,144.4499969482422,144.60000610351562,144.41009521484375,144.55499267578125,357943,0.0,0.0
2025-06-17 10:46:00-04:00,144.56500244140625,144.60000610351562,144.52999877929688,144.5500030517578,199473,0.0,0.0
2025-06-17 10:47:00-04:00,144.5399932861328,144.63999938964844,144.5399932861328,144.60499572753906,263748,0.0,0.0
2025-06-17 10:48:00-04:00,144.60000610351562,144.64999389648438,144.49000549316406,144.51499938964844,295182,0.0,0.0
2025-06-17 10:49:00-04:00,144.50999450683594,144.6300048828125,144.47500610351562,144.6020050048828,245753,0.0,0.0
2025-06-17 10:50:00-04:00,144.60000610351562,144.69000244140625,144.57000732421875,144.6649932861328,322682,0.0,0.0
2025-06-17 10:51:00-04:00,144.6649932861328,144.6750030517578,144.5,144.5644989013672,231348,0.0,0.0
2025-06-17 10:52:00-04:00,144.55999755859375,144.5800018310547,144.47999572753906,144.53500366210938,213719,0.0,0.0
2025-06-17 10:53:00-04:00,144.5399932861328,144.61000061035156,144.52999877929688,144.5449981689453,173110,0.0,0.0
2025-06-17 10:54:00-04:00,144.5449981689453,144.61000061035156,144.51499938964844,144.5850067138672,170056,0.0,0.0
2025-06-17 10:55:00-04:00,144.58999633789062,144.6300048828125,144.47109985351562,144.5050048828125,186145,0.0,0.0
2025-06-17 10:56:00-04:00,144.50799560546875,144.50990295410156,144.3300018310547,144.35499572753906,286097,0.0,0.0
2025-06-17 10:57:00-04:00,144.35989379882812,144.38999938964844,144.25,144.35000610351562,307495,0.0,0.0
2025-06-17 10:58:00-04:00,144.35499572753906,144.4600067138672,144.35009765625,144.4600067138672,239500,0.0,0.0
2025-06-17 10:59:00-04:00,144.45010375976562,144.49000549316406,144.36500549316406,144.38890075683594,210583,0.0,0.0
2025-06-17 11:00:00-04:00,144.3699951171875,144.63999938964844,144.36500549316406,144.63999938964844,364097,0.0,0.0
2025-06-17 11:01:00-04:00,144.63999938964844,144.64999389648438,144.518798828125,144.58450317382812,405171,0.0,0.0
2025-06-17 11:02:00-04:00,144.5850067138672,144.6199951171875,144.5500030517578,144.55999755859375,173060,0.0,0.0
2025-06-17 11:03:00-04:00,144.5500030517578,144.74000549316406,144.50999450683594,144.73989868164062,364561,0.0,0.0
2025-06-17 11:04:00-04:00,144.72999572753906,144.75,144.6699981689453,144.74000549316406,323070,0.0,0.0
2025-06-17 11:05:00-04:00,144.74879455566406,144.75999450683594,144.66000366210938,144.67379760742188,207564,0.0,0.0
2025-06-17 11:06:00-04:00,144.67999267578125,144.77000427246094,144.6699981689453,144.72540283203125,249595,0.0,0.0
2025-06-17 11:07:00-04:00,144.72500610351562,144.83999633789062,144.72500610351562,144.82350158691406,285549,0.0,0.0
2025-06-17 11:08:00-04:00,144.82000732421875,144.83999633789062,144.75,144.78500366210938,172090,0.0,0.0
2025-06-17 11:09:00-04:00,144.7899932861328,144.80499267578125,144.6999969482422,144.7050018310547,187643,0.0,0.0
2025-06-17 11:10:00-04:00,144.7082061767578,144.77000427246094,144.6699981689453,144.7449951171875,184987,0.0,0.0
2025-06-17 11:11:00-04:00,144.7449951171875,144.80499267578125,144.69500732421875,144.78990173339844,228704,0.0,0.0
2025-06-17 11:12:00-04:00,144.7899932861328,144.88999938964844,144.77999877929688,144.889892578125,413289,0.0,0.0
2025-06-17 11:13:00-04:00,144.88499450683594,144.92999267578125,144.8300018310547,144.8800048828125,262215,0.0,0.0
2025-06-17 11:14:00-04:00,144.8800048828125,144.9499969482422,144.8513946533203,144.9250030517578,316159,0.0,0.0
2025-06-17 11:15:00-04:00,144.9250030517578,144.9365997314453,144.84500122070312,144.84500122070312,247592,0.0,0.0
2025-06-17 11:16:00-04:00,144.84500122070312,144.85989379882812,144.6199951171875,144.74000549316406,509150,0.0,0.0
2025-06-17 11:17:00-04:00,144.74000549316406,144.83999633789062,144.73800659179688,144.80990600585938,305258,0.0,0.0
2025-06-17 11:18:00-04:00,144.80999755859375,144.8249969482422,144.75,144.77000427246094,135261,0.0,0.0
2025-06-17 11:19:00-04:00,144.77000427246094,144.7949981689453,144.7100067138672,144.77000427246094,160466,0.0,0.0
2025-06-17 11:20:00-04:00,144.77000427246094,144.79750061035156,144.7301025390625,144.77000427246094,123906,0.0,0.0
2025-06-17 11:21:00-04:00,144.7700958251953,144.77999877929688,144.69000244140625,144.72999572753906,199833,0.0,0.0
2025-06-17 11:22:00-04:00,144.72999572753906,144.7550048828125,144.64010620117188,144.6750030517578,275705,0.0,0.0
2025-06-17 11:23:00-04:00,144.67799377441406,144.7100067138672,144.6300048828125,144.6699981689453,164050,0.0,0.0
2025-06-17 11:24:00-04:00,144.67990112304688,144.8000030517578,144.66009521484375,144.75,215815,0.0,0.0
2025-06-17 11:25:00-04:00,144.7550048828125,144.75999450683594,144.64999389648438,144.6649932861328,174130,0.0,0.0
2025-06-17 11:26:00-04:00,144.66000366210938,144.6999969482422,144.6199951171875,144.6300048828125,166870,0.0,0.0
2025-06-17 11:27:00-04:00,144.6300048828125,144.63009643554688,144.52499389648438,144.61500549316406,275015,0.0,0.0
2025-06-17 11:28:00-04:00,144.61500549316406,144.6300048828125,144.5,144.53500366210938,204356,0.0,0.0
2025-06-17 11:29:00-04:00,144.5399932861328,144.55999755859375,144.4600067138672,144.50999450683594,344461,0.0,0.0
2025-06-17 11:30:00-04:00,144.50999450683594,144.52000427246094,144.42999267578125,144.44500732421875,229091,0.0,0.0
2025-06-17 11:31:00-04:00,144.44760131835938,144.44760131835938,144.32000732421875,144.3800048828125,377174,0.0,0.0
2025-06-17 11:32:00-04:00,144.37820434570312,144.42999267578125,144.36000061035156,144.38999938964844,218059,0.0,0.0
2025-06-17 11:33:00-04:00,144.39759826660156,144.46969604492188,144.37010192871094,144.41830444335938,366092,0.0,0.0
2025-06-17 11:34:00-04:00,144.39999389648438,144.44000244140625,144.3350067138672,144.40499877929688,328910,0.0,0.0
2025-06-17 11:35:00-04:00,144.39999389648438,144.39999389648438,144.29299926757812,144.34539794921875,396789,0.0,0.0
2025-06-17 11:36:00-04:00,144.34500122070312,144.44000244140625,144.27000427246094,144.39999389648438,373120,0.0,0.0
2025-06-17 11:37:00-04:00,144.39999389648438,144.41000366210938,144.26010131835938,144.2969970703125,308249,0.0,0.0
2025-06-17 11:38:00-04:00,144.28990173339844,144.3699951171875,144.25010681152344,144.27999877929688,292610,0.0,0.0
2025-06-17 11:39:00-04:00,144.3000030517578,144.32000732421875,144.22000122070312,144.2949981689453,273861,0.0,0.0
2025-06-17 11:40:00-04:00,144.2949981689453,144.52999877929688,144.2830047607422,144.5050048828125,344325,0.0,0.0
2025-06-17 11:41:00-04:00,144.5,144.5800018310547,144.5,144.52499389648438,287975,0.0,0.0
2025-06-17 11:42:00-04:00,144.52879333496094,144.63499450683594,144.50999450683594,144.57009887695312,337788,0.0,0.0
2025-06-17 11:43:00-04:00,144.5780029296875,144.6199951171875,144.55999755859375,144.61500549316406,156937,0.0,0.0
2025-06-17 11:44:00-04:00,144.61500549316406,144.64999389648438,144.60000610351562,144.6300048828125,236158,0.0,0.0
2025-06-17 11:45:00-04:00,144.63999938964844,144.64999389648438,144.59500122070312,144.59500122070312,173307,0.0,0.0
2025-06-17 11:46:00-04:00,144.61000061035156,144.6999969482422,144.5800018310547,144.6800994873047,246311,0.0,0.0
2025-06-17 11:47:00-04:00,144.68499755859375,144.6999969482422,144.58999633789062,144.593505859375,182967,0.0,0.0
2025-06-17 11:48:00-04:00,144.59010314941406,144.59010314941406,144.47030639648438,144.47500610351562,261533,0.0,0.0
2025-06-17 11:49:00-04:00,144.47999572753906,144.6300048828125,144.42999267578125,144.6300048828125,235469,0.0,0.0
2025-06-17 11:50:00-04:00,144.625,144.6699981689453,144.60000610351562,144.61500549316406,136404,0.0,0.0
2025-06-17 11:51:00-04:00,144.6199951171875,144.6999969482422,144.6199951171875,144.69500732421875,242434,0.0,0.0
2025-06-17 11:52:00-04:00,144.69500732421875,144.75,144.69500732421875,144.73989868164062,243239,0.0,0.0
2025-06-17 11:53:00-04:00,144.7449951171875,144.75,144.66000366210938,144.66000366210938,259613,0.0,0.0
2025-06-17 11:54:00-04:00,144.66000366210938,144.72000122070312,144.66000366210938,144.68499755859375,105228,0.0,0.0
2025-06-17 11:55:00-04:00,144.68499755859375,144.7050018310547,144.61000061035156,144.6999969482422,186495,0.0,0.0
2025-06-17 11:56:00-04:00,144.6999969482422,144.74000549316406,144.64999389648438,144.6800994873047,167799,0.0,0.0
2025-06-17 11:57:00-04:00,144.6923065185547,144.75,144.6916046142578,144.73989868164062,178074,0.0,0.0
2025-06-17 11:58:00-04:00,144.73500061035156,144.7550048828125,144.7100067138672,144.74000549316406,179992,0.0,0.0
2025-06-17 11:59:00-04:00,144.72999572753906,144.77999877929688,144.6699981689453,144.73500061035156,298496,0.0,0.0
2025-06-17 12:00:00-04:00,144.74000549316406,144.85499572753906,144.71009826660156,144.77499389648438,424958,0.0,0.0
2025-06-17 12:01:00-04:00,144.77999877929688,144.80499267578125,144.75010681152344,144.78500366210938,147879,0.0,0.0
2025-06-17 12:02:00-04:00,144.7899932861328,144.8000030517578,144.75999450683594,144.78500366210938,102163,0.0,0.0
2025-06-17 12:03:00-04:00,144.7899932861328,144.84500122070312,144.78500366210938,144.80499267578125,230204,0.0,0.0
2025-06-17 12:04:00-04:00,144.80499267578125,144.83999633789062,144.7899932861328,144.81500244140625,192105,0.0,0.0
2025-06-17 12:05:00-04:00,144.82000732421875,144.88999938964844,144.8101043701172,144.86000061035156,294690,0.0,0.0
2025-06-17 12:06:00-04:00,144.85189819335938,145.11000061035156,144.85189819335938,145.07989501953125,1028404,0.0,0.0
2025-06-17 12:07:00-04:00,145.0800018310547,145.1649932861328,145.0800018310547,145.12010192871094,406534,0.0,0.0
2025-06-17 12:08:00-04:00,145.11500549316406,145.1300048828125,145.02499389648438,145.05979919433594,266606,0.0,0.0
2025-06-17 12:09:00-04:00,145.0500946044922,145.1199951171875,144.82000732421875,144.97889709472656,712297,0.0,0.0
2025-06-17 12:10:00-04:00,144.9882049560547,145.02999877929688,144.9199981689453,144.92010498046875,256998,0.0,0.0
2025-06-17 12:11:00-04:00,144.9199981689453,144.98500061035156,144.860107421875,144.98500061035156,214273,0.0,0.0
2025-06-17 12:12:00-04:00,144.99000549316406,144.99000549316406,144.9246063232422,144.96499633789062,159439,0.0,0.0
2025-06-17 12:13:00-04:00,144.97000122070312,145.05999755859375,144.96009826660156,145.0301055908203,296424,0.0,0.0
2025-06-17 12:14:00-04:00,145.0399932861328,145.07000732421875,144.97999572753906,145.00999450683594,253539,0.0,0.0
2025-06-17 12:15:00-04:00,145.0050048828125,145.02000427246094,144.8699951171875,144.89990234375,168635,0.0,0.0
2025-06-17 12:16:00-04:00,144.90130615234375,144.94000244140625,144.83999633789062,144.85000610351562,167096,0.0,0.0
2025-06-17 12:17:00-04:00,144.85499572753906,144.9499969482422,144.85000610351562,144.92999267578125,181054,0.0,0.0
2025-06-17 12:18:00-04:00,144.93499755859375,144.97999572753906,144.8699951171875,144.97999572753906,136295,0.0,0.0
2025-06-17 12:19:00-04:00,144.97999572753906,144.97999572753906,144.89500427246094,144.91000366210938,134898,0.0,0.0
2025-06-17 12:20:00-04:00,144.91000366210938,144.97999572753906,144.90379333496094,144.93499755859375,145279,0.0,0.0
2025-06-17 12:21:00-04:00,144.93499755859375,144.94000244140625,144.83999633789062,144.89999389648438,183392,0.0,0.0
2025-06-17 12:22:00-04:00,144.91000366210938,144.94000244140625,144.88999938964844,144.89500427246094,108477,0.0,0.0
2025-06-17 12:23:00-04:00,144.89999389648438,144.9250030517578,144.843505859375,144.8800048828125,143309,0.0,0.0
2025-06-17 12:24:00-04:00,144.8699951171875,144.93499755859375,144.8300018310547,144.9250030517578,141806,0.0,0.0
2025-06-17 12:25:00-04:00,144.9207000732422,144.97999572753906,144.88999938964844,144.97999572753906,235978,0.0,0.0
2025-06-17 12:26:00-04:00,144.97500610351562,144.9799041748047,144.85000610351562,144.91000366210938,178432,0.0,0.0
2025-06-17 12:27:00-04:00,144.91029357910156,144.92999267578125,144.77000427246094,144.85499572753906,291223,0.0,0.0
2025-06-17 12:28:00-04:00,144.85000610351562,145.0449981689453,144.83999633789062,145.0449981689453,317544,0.0,0.0
2025-06-17 12:29:00-04:00,145.0449981689453,145.08990478515625,145.02000427246094,145.02000427246094,237096,0.0,0.0
2025-06-17 12:30:00-04:00,145.02000427246094,145.0399932861328,144.94500732421875,144.9759979248047,215270,0.0,0.0
2025-06-17 12:31:00-04:00,144.97000122070312,144.97999572753906,144.90150451660156,144.91990661621094,208572,0.0,0.0
2025-06-17 12:32:00-04:00,144.9149932861328,145.0,144.91000366210938,144.9949951171875,137682,0.0,0.0
2025-06-17 12:33:00-04:00,144.9949951171875,145.01849365234375,144.9550018310547,145.0,149735,0.0,0.0
2025-06-17 12:34:00-04:00,145.0,145.0,144.93499755859375,144.97999572753906,121230,0.0,0.0
2025-06-17 12:35:00-04:00,144.9949951171875,145.02999877929688,144.94000244140625,145.02999877929688,155748,0.0,0.0
2025-06-17 12:36:00-04:00,145.02000427246094,145.05999755859375,145.00999450683594,145.0449981689453,186845,0.0,0.0
2025-06-17 12:37:00-04:00,145.0449981689453,145.05999755859375,144.96499633789062,144.98880004882812,141480,0.0,0.0
2025-06-17 12:38:00-04:00,144.99000549316406,145.0,144.9199981689453,144.93499755859375,140355,0.0,0.0
2025-06-17 12:39:00-04:00,144.93499755859375,144.96749877929688,144.8800048828125,144.9499969482422,180344,0.0,0.0
2025-06-17 12:40:00-04:00,144.9499969482422,144.97999572753906,144.9199981689453,144.94129943847656,175688,0.0,0.0
2025-06-17 12:41:00-04:00,144.9550018310547,144.9799041748047,144.88499450683594,144.91009521484375,234139,0.0,0.0
2025-06-17 12:42:00-04:00,144.9149932861328,144.9149932861328,144.82000732421875,144.89999389648438,205191,0.0,0.0
2025-06-17 12:43:00-04:00,144.89999389648438,144.9499969482422,144.85000610351562,144.93499755859375,127905,0.0,0.0
2025-06-17 12:44:00-04:00,144.94000244140625,144.94000244140625,144.6699981689453,144.77999877929688,360427,0.0,0.0
2025-06-17 12:45:00-04:00,144.77000427246094,144.8699951171875,144.74000549316406,144.82159423828125,231805,0.0,0.0
2025-06-17 12:46:00-04:00,144.82000732421875,144.86000061035156,144.75999450683594,144.82769775390625,153001,0.0,0.0
2025-06-17 12:47:00-04:00,144.81500244140625,144.83999633789062,144.7050018310547,144.78500366210938,147408,0.0,0.0
2025-06-17 12:48:00-04:00,144.77999877929688,144.8101043701172,144.73699951171875,144.7899932861328,142814,0.0,0.0
2025-06-17 12:49:00-04:00,144.7899932861328,144.7899932861328,144.49000549316406,144.64869689941406,423118,0.0,0.0
2025-06-17 12:50:00-04:00,144.63499450683594,144.7449951171875,144.52999877929688,144.6300048828125,280235,0.0,0.0
2025-06-17 12:51:00-04:00,144.6334991455078,144.72999572753906,144.6199951171875,144.70010375976562,211031,0.0,0.0
2025-06-17 12:52:00-04:00,144.6999969482422,144.77000427246094,144.60000610351562,144.62010192871094,292070,0.0,0.0
2025-06-17 12:53:00-04:00,144.625,144.62770080566406,144.48500061035156,144.59500122070312,324373,0.0,0.0
2025-06-17 12:54:00-04:00,144.60000610351562,144.60000610351562,144.5030059814453,144.55999755859375,210273,0.0,0.0
2025-06-17 12:55:00-04:00,144.55999755859375,144.55999755859375,144.47000122070312,144.54859924316406,262267,0.0,0.0
2025-06-17 12:56:00-04:00,144.5449981689453,144.6300048828125,144.52000427246094,144.54010009765625,227771,0.0,0.0
2025-06-17 12:57:00-04:00,144.5399932861328,144.5399932861328,144.41000366210938,144.52499389648438,478627,0.0,0.0
2025-06-17 12:58:00-04:00,144.52999877929688,144.5449981689453,144.4600067138672,144.52699279785156,186522,0.0,0.0
2025-06-17 12:59:00-04:00,144.52999877929688,144.52999877929688,144.39999389648438,144.5,313327,0.0,0.0
2025-06-17 13:00:00-04:00,144.5,144.5500030517578,144.3699951171875,144.38999938964844,270605,0.0,0.0
2025-06-17 13:01:00-04:00,144.39169311523438,144.4600067138672,144.31500244140625,144.3697967529297,226133,0.0,0.0
2025-06-17 13:02:00-04:00,144.36000061035156,144.47999572753906,144.25,144.47500610351562,460526,0.0,0.0
2025-06-17 13:03:00-04:00,144.4700927734375,144.60000610351562,144.44000244140625,144.55999755859375,410573,0.0,0.0
2025-06-17 13:04:00-04:00,144.55999755859375,144.61000061035156,144.52000427246094,144.54859924316406,271967,0.0,0.0
2025-06-17 13:05:00-04:00,144.5449981689453,144.5500030517578,144.3800048828125,144.4250030517578,307546,0.0,0.0
2025-06-17 13:06:00-04:00,144.4250030517578,144.52980041503906,144.3800048828125,144.51010131835938,226056,0.0,0.0
2025-06-17 13:07:00-04:00,144.50999450683594,144.65499877929688,144.47000122070312,144.63999938964844,338691,0.0,0.0
2025-06-17 13:08:00-04:00,144.6300048828125,144.74000549316406,144.61000061035156,144.6999969482422,249605,0.0,0.0
2025-06-17 13:09:00-04:00,144.7050018310547,144.78500366210938,144.6750030517578,144.76010131835938,255033,0.0,0.0
2025-06-17 13:10:00-04:00,144.77000427246094,144.86000061035156,144.72999572753906,144.82000732421875,326359,0.0,0.0
2025-06-17 13:11:00-04:00,144.80999755859375,144.8800048828125,144.77000427246094,144.8300018310547,218077,0.0,0.0
2025-06-17 13:12:00-04:00,144.82200622558594,144.9199981689453,144.82000732421875,144.85499572753906,234194,0.0,0.0
2025-06-17 13:13:00-04:00,144.8520050048828,144.88999938964844,144.82009887695312,144.8350067138672,159919,0.0,0.0
2025-06-17 13:14:00-04:00,144.83999633789062,144.88999938964844,144.80999755859375,144.8300018310547,226010,0.0,0.0
2025-06-17 13:15:00-04:00,144.83839416503906,144.88999938964844,144.80999755859375,144.82000732421875,188703,0.0,0.0
2025-06-17 13:16:00-04:00,144.80999755859375,144.86000061035156,144.75,144.84849548339844,275517,0.0,0.0
2025-06-17 13:17:00-04:00,144.84100341796875,144.9199981689453,144.83009338378906,144.88510131835938,231923,0.0,0.0
2025-06-17 13:18:00-04:00,144.88999938964844,144.91000366210938,144.84500122070312,144.90859985351562,146659,0.0,0.0
2025-06-17 13:19:00-04:00,144.90499877929688,144.91000366210938,144.80450439453125,144.82000732421875,170928,0.0,0.0
2025-06-17 13:20:00-04:00,144.82000732421875,144.85499572753906,144.77000427246094,144.84840393066406,218005,0.0,0.0
2025-06-17 13:21:00-04:00,144.84500122070312,144.85499572753906,144.74000549316406,144.82009887695312,175444,0.0,0.0
2025-06-17 13:22:00-04:00,144.82000732421875,144.9199981689453,144.77999877929688,144.9199981689453,171029,0.0,0.0
2025-06-17 13:23:00-04:00,144.91009521484375,144.91990661621094,144.86000061035156,144.875,146325,0.0,0.0
2025-06-17 13:24:00-04:00,144.88499450683594,145.125,144.86000061035156,145.07000732421875,835093,0.0,0.0
2025-06-17 13:25:00-04:00,145.07000732421875,145.07000732421875,144.9499969482422,145.0050048828125,307400,0.0,0.0
2025-06-17 13:26:00-04:00,145.0050048828125,145.1199951171875,144.97000122070312,145.00990295410156,279876,0.0,0.0
2025-06-17 13:27:00-04:00,145.00999450683594,145.03500366210938,144.9499969482422,144.97500610351562,144135,0.0,0.0
2025-06-17 13:28:00-04:00,144.97889709472656,144.9949951171875,144.88999938964844,144.88999938964844,199348,0.0,0.0
2025-06-17 13:29:00-04:00,144.89500427246094,144.9499969482422,144.8300018310547,144.8300018310547,205391,0.0,0.0
2025-06-17 13:30:00-04:00,144.82000732421875,144.84500122070312,144.6199951171875,144.83999633789062,509580,0.0,0.0
2025-06-17 13:31:00-04:00,144.8300018310547,144.88999938964844,144.79010009765625,144.83999633789062,197538,0.0,0.0
2025-06-17 13:32:00-04:00,144.8300018310547,144.83999633789062,144.74009704589844,144.8350067138672,189011,0.0,0.0
2025-06-17 13:33:00-04:00,144.8300018310547,144.97000122070312,144.82000732421875,144.94500732421875,287150,0.0,0.0
2025-06-17 13:34:00-04:00,144.94700622558594,144.99000549316406,144.89999389648438,144.9149932861328,245786,0.0,0.0
2025-06-17 13:35:00-04:00,144.9149932861328,144.98500061035156,144.89999389648438,144.9499969482422,176245,0.0,0.0
2025-06-17 13:36:00-04:00,144.93499755859375,144.97999572753906,144.88999938964844,144.97000122070312,432086,0.0,0.0
2025-06-17 13:37:00-04:00,144.97000122070312,145.07000732421875,144.9550018310547,145.05499267578125,265169,0.0,0.0
2025-06-17 13:38:00-04:00,145.05499267578125,145.05999755859375,144.85000610351562,144.86500549316406,200919,0.0,0.0
2025-06-17 13:39:00-04:00,144.86500549316406,144.88999938964844,144.77459716796875,144.8249969482422,203633,0.0,0.0
2025-06-17 13:40:00-04:00,144.82000732421875,144.8800048828125,144.7165069580078,144.85499572753906,228469,0.0,0.0
2025-06-17 13:41:00-04:00,144.85000610351562,144.92999267578125,144.80999755859375,144.8249969482422,272287,0.0,0.0
2025-06-17 13:42:00-04:00,144.82000732421875,144.8800048828125,144.77499389648438,144.81500244140625,140547,0.0,0.0
2025-06-17 13:43:00-04:00,144.80999755859375,144.80999755859375,144.72999572753906,144.7550048828125,119935,0.0,0.0
2025-06-17 13:44:00-04:00,144.74459838867188,144.77499389648438,144.6300048828125,144.67999267578125,220033,0.0,0.0
2025-06-17 13:45:00-04:00,144.67999267578125,144.76499938964844,144.6199951171875,144.71499633789062,192103,0.0,0.0
2025-06-17 13:46:00-04:00,144.71499633789062,144.71499633789062,144.47000122070312,144.6593017578125,406408,0.0,0.0
2025-06-17 13:47:00-04:00,144.65499877929688,144.67999267578125,144.47500610351562,144.4949951171875,293326,0.0,0.0
2025-06-17 13:48:00-04:00,144.5,144.502197265625,144.4199981689453,144.46499633789062,312890,0.0,0.0
2025-06-17 13:49:00-04:00,144.44000244140625,144.4698944091797,144.27000427246094,144.41000366210938,466735,0.0,0.0
2025-06-17 13:50:00-04:00,144.40460205078125,144.40460205078125,144.25,144.34500122070312,319185,0.0,0.0
2025-06-17 13:51:00-04:00,144.35000610351562,144.3885040283203,144.17999267578125,144.31500244140625,477960,0.0,0.0
2025-06-17 13:52:00-04:00,144.3000030517578,144.38999938964844,144.2613067626953,144.2884063720703,341342,0.0,0.0
2025-06-17 13:53:00-04:00,144.27999877929688,144.46499633789062,144.25999450683594,144.4499969482422,291836,0.0,0.0
2025-06-17 13:54:00-04:00,144.42999267578125,144.42999267578125,144.3300018310547,144.3350067138672,222249,0.0,0.0
2025-06-17 13:55:00-04:00,144.3350067138672,144.4600067138672,144.3350067138672,144.38499450683594,274540,0.0,0.0
2025-06-17 13:56:00-04:00,144.39999389648438,144.5,144.39500427246094,144.48500061035156,203736,0.0,0.0
2025-06-17 13:57:00-04:00,144.48500061035156,144.5399932861328,144.44000244140625,144.44500732421875,170377,0.0,0.0
2025-06-17 13:58:00-04:00,144.4600067138672,144.48500061035156,144.32009887695312,144.33999633789062,210206,0.0,0.0
2025-06-17 13:59:00-04:00,144.3300018310547,144.37989807128906,144.27000427246094,144.33859252929688,251581,0.0,0.0
2025-06-17 14:00:00-04:00,144.3300018310547,144.33009338378906,144.05999755859375,144.25,502921,0.0,0.0
2025-06-17 14:01:00-04:00,144.24000549316406,144.27000427246094,144.0800018310547,144.22500610351562,314790,0.0,0.0
2025-06-17 14:02:00-04:00,144.22999572753906,144.25999450683594,143.9600067138672,144.2100067138672,837925,0.0,0.0
2025-06-17 14:03:00-04:00,144.21499633789062,144.27000427246094,144.0800018310547,144.09300231933594,288138,0.0,0.0
2025-06-17 14:04:00-04:00,144.10499572753906,144.10499572753906,144.00999450683594,144.0749969482422,385344,0.0,0.0
2025-06-17 14:05:00-04:00,144.08999633789062,144.28799438476562,144.08999633789062,144.2700958251953,580752,0.0,0.0
2025-06-17 14:06:00-04:00,144.27999877929688,144.35499572753906,144.2100067138672,144.27769470214844,265185,0.0,0.0
2025-06-17 14:07:00-04:00,144.26499938964844,144.43870544433594,144.2552947998047,144.4199981689453,282066,0.0,0.0
2025-06-17 14:08:00-04:00,144.4114990234375,144.52000427246094,144.3665008544922,144.4250030517578,290105,0.0,0.0
2025-06-17 14:09:00-04:00,144.4250030517578,144.5399932861328,144.4199981689453,144.53990173339844,178461,0.0,0.0
2025-06-17 14:10:00-04:00,144.52999877929688,144.6300048828125,144.52499389648438,144.60499572753906,259726,0.0,0.0
2025-06-17 14:11:00-04:00,144.60870361328125,144.61000061035156,144.5500030517578,144.60699462890625,157446,0.0,0.0
2025-06-17 14:12:00-04:00,144.60000610351562,144.6300048828125,144.49000549316406,144.5601043701172,234177,0.0,0.0
2025-06-17 14:13:00-04:00,144.56500244140625,144.6654052734375,144.5449981689453,144.6199951171875,187391,0.0,0.0
2025-06-17 14:14:00-04:00,144.6199951171875,144.625,144.4949951171875,144.5050048828125,126424,0.0,0.0
2025-06-17 14:15:00-04:00,144.49000549316406,144.5500030517578,144.35499572753906,144.4199981689453,248986,0.0,0.0
2025-06-17 14:16:00-04:00,144.4149932861328,144.4893035888672,144.27999877929688,144.3249969482422,317755,0.0,0.0
2025-06-17 14:17:00-04:00,144.322998046875,144.47000122070312,144.27999877929688,144.44000244140625,182467,0.0,0.0
2025-06-17 14:18:00-04:00,144.44000244140625,144.4499969482422,144.3300018310547,144.37420654296875,173500,0.0,0.0
2025-06-17 14:19:00-04:00,144.37840270996094,144.42999267578125,144.2949981689453,144.4149932861328,175496,0.0,0.0
2025-06-17 14:20:00-04:00,144.41819763183594,144.49000549316406,144.33999633789062,144.48849487304688,174332,0.0,0.0
2025-06-17 14:21:00-04:00,144.47999572753906,144.51499938964844,144.42999267578125,144.47000122070312,177546,0.0,0.0
2025-06-17 14:22:00-04:00,144.46499633789062,144.52000427246094,144.39999389648438,144.45199584960938,210843,0.0,0.0
2025-06-17 14:23:00-04:00,144.45530700683594,144.47000122070312,144.38999938964844,144.41360473632812,221749,0.0,0.0
2025-06-17 14:24:00-04:00,144.4250030517578,144.4499053955078,144.33999633789062,144.34500122070312,173165,0.0,0.0
2025-06-17 14:25:00-04:00,144.35850524902344,144.37890625,144.2550048828125,144.26499938964844,246935,0.0,0.0
2025-06-17 14:26:00-04:00,144.27000427246094,144.32000732421875,144.14999389648438,144.26499938964844,321627,0.0,0.0
2025-06-17 14:27:00-04:00,144.25999450683594,144.27999877929688,144.1571044921875,144.24000549316406,213732,0.0,0.0
2025-06-17 14:28:00-04:00,144.24000549316406,144.2899932861328,144.0800018310547,144.16000366210938,303705,0.0,0.0
2025-06-17 14:29:00-04:00,144.16000366210938,144.24000549316406,144.11000061035156,144.17999267578125,185633,0.0,0.0
2025-06-17 14:30:00-04:00,144.19000244140625,144.38999938964844,144.13999938964844,144.375,280553,0.0,0.0
2025-06-17 14:31:00-04:00,144.360107421875,144.4600067138672,144.3300018310547,144.39500427246094,263356,0.0,0.0
2025-06-17 14:32:00-04:00,144.38499450683594,144.39999389648438,144.30999755859375,144.35000610351562,141047,0.0,0.0
2025-06-17 14:33:00-04:00,144.34500122070312,144.35000610351562,144.27999877929688,144.32650756835938,115155,0.0,0.0
2025-06-17 14:34:00-04:00,144.3249969482422,144.4499969482422,144.3249969482422,144.41400146484375,253060,0.0,0.0
2025-06-17 14:35:00-04:00,144.42860412597656,144.5,144.39999389648438,144.42999267578125,180282,0.0,0.0
2025-06-17 14:36:00-04:00,144.4250030517578,144.4250030517578,144.27000427246094,144.30169677734375,192765,0.0,0.0
2025-06-17 14:37:00-04:00,144.30499267578125,144.3699951171875,144.19500732421875,144.33009338378906,216976,0.0,0.0
2025-06-17 14:38:00-04:00,144.3385009765625,144.38999938964844,144.25999450683594,144.2740020751953,123416,0.0,0.0
2025-06-17 14:39:00-04:00,144.27000427246094,144.27000427246094,144.17999267578125,144.2550048828125,148045,0.0,0.0
2025-06-17 14:40:00-04:00,144.25,144.2899932861328,144.1300048828125,144.1699981689453,242258,0.0,0.0
2025-06-17 14:41:00-04:00,144.1649932861328,144.1750030517578,144.0399932861328,144.05499267578125,306753,0.0,0.0
2025-06-17 14:42:00-04:00,144.0500030517578,144.0500030517578,143.9199981689453,143.94000244140625,365195,0.0,0.0
2025-06-17 14:43:00-04:00,143.92999267578125,144.0198974609375,143.91000366210938,143.94549560546875,233974,0.0,0.0
2025-06-17 14:44:00-04:00,143.94500732421875,144.0,143.77999877929688,143.99029541015625,514047,0.0,0.0
2025-06-17 14:45:00-04:00,143.99000549316406,144.1300048828125,143.97999572753906,144.11500549316406,275471,0.0,0.0
2025-06-17 14:46:00-04:00,144.11500549316406,144.1999969482422,144.05999755859375,144.17999267578125,198050,0.0,0.0
2025-06-17 14:47:00-04:00,144.1699981689453,144.21499633789062,144.0500030517578,144.08990478515625,203115,0.0,0.0
2025-06-17 14:48:00-04:00,144.0850067138672,144.16000366210938,144.0399932861328,144.16000366210938,159187,0.0,0.0
2025-06-17 14:49:00-04:00,144.16000366210938,144.17999267578125,144.13299560546875,144.139892578125,99927,0.0,0.0
2025-06-17 14:50:00-04:00,144.1300048828125,144.19500732421875,144.10000610351562,144.16000366210938,182359,0.0,0.0
2025-06-17 14:51:00-04:00,144.15960693359375,144.2100067138672,144.0919952392578,144.09500122070312,159426,0.0,0.0
2025-06-17 14:52:00-04:00,144.10000610351562,144.13999938964844,144.06239318847656,144.08999633789062,123352,0.0,0.0
2025-06-17 14:53:00-04:00,144.08999633789062,144.13999938964844,144.04010009765625,144.1269989013672,99015,0.0,0.0
2025-06-17 14:54:00-04:00,144.125,144.27000427246094,144.11990356445312,144.25999450683594,254262,0.0,0.0
2025-06-17 14:55:00-04:00,144.25999450683594,144.31500244140625,144.24000549316406,144.28500366210938,251372,0.0,0.0
2025-06-17 14:56:00-04:00,144.2834930419922,144.36000061035156,144.27000427246094,144.3249969482422,147533,0.0,0.0
2025-06-17 14:57:00-04:00,144.32000732421875,144.38999938964844,144.27000427246094,144.38499450683594,169929,0.0,0.0
2025-06-17 14:58:00-04:00,144.38999938964844,144.4199981689453,144.364501953125,144.41009521484375,187837,0.0,0.0
2025-06-17 14:59:00-04:00,144.4149932861328,144.4250030517578,144.36000061035156,144.3813934326172,140837,0.0,0.0
2025-06-17 15:00:00-04:00,144.38999938964844,144.44000244140625,144.3699951171875,144.41990661621094,161359,0.0,0.0
2025-06-17 15:01:00-04:00,144.4149932861328,144.42999267578125,144.32000732421875,144.3800048828125,180096,0.0,0.0
2025-06-17 15:02:00-04:00,144.3699951171875,144.4409942626953,144.34500122070312,144.39999389648438,153825,0.0,0.0
2025-06-17 15:03:00-04:00,144.39500427246094,144.41000366210938,144.27000427246094,144.31460571289062,199840,0.0,0.0
2025-06-17 15:04:00-04:00,144.3000030517578,144.32989501953125,144.27000427246094,144.3000030517578,131009,0.0,0.0
2025-06-17 15:05:00-04:00,144.2969970703125,144.30499267578125,144.1999969482422,144.25999450683594,227599,0.0,0.0
2025-06-17 15:06:00-04:00,144.25,144.30999755859375,144.22000122070312,144.2501983642578,135084,0.0,0.0
2025-06-17 15:07:00-04:00,144.25999450683594,144.26499938964844,144.13999938964844,144.22000122070312,264808,0.0,0.0
2025-06-17 15:08:00-04:00,144.22500610351562,144.22500610351562,144.09500122070312,144.125,194367,0.0,0.0
2025-06-17 15:09:00-04:00,144.125,144.1750030517578,144.11000061035156,144.1697998046875,161756,0.0,0.0
2025-06-17 15:10:00-04:00,144.1699981689453,144.17990112304688,144.0500030517578,144.0800018310547,230997,0.0,0.0
2025-06-17 15:11:00-04:00,144.08009338378906,144.2100067138672,144.08009338378906,144.19500732421875,247335,0.0,0.0
2025-06-17 15:12:00-04:00,144.19200134277344,144.23500061035156,144.1699981689453,144.21499633789062,255889,0.0,0.0
2025-06-17 15:13:00-04:00,144.22000122070312,144.22000122070312,144.08999633789062,144.09500122070312,186159,0.0,0.0
2025-06-17 15:14:00-04:00,144.09500122070312,144.13999938964844,144.0800018310547,144.08999633789062,145504,0.0,0.0
2025-06-17 15:15:00-04:00,144.0800018310547,144.1898956298828,144.07460021972656,144.17379760742188,146155,0.0,0.0
2025-06-17 15:16:00-04:00,144.1750030517578,144.2050018310547,144.05999755859375,144.06919860839844,166952,0.0,0.0
2025-06-17 15:17:00-04:00,144.07000732421875,144.10000610351562,144.00010681152344,144.03500366210938,229587,0.0,0.0
2025-06-17 15:18:00-04:00,144.0301055908203,144.07000732421875,144.02499389648438,144.05499267578125,194460,0.0,0.0
2025-06-17 15:19:00-04:00,144.05499267578125,144.09500122070312,144.0399932861328,144.0749969482422,141055,0.0,0.0
2025-06-17 15:20:00-04:00,144.07000732421875,144.25999450683594,144.06500244140625,144.2449951171875,241886,0.0,0.0
2025-06-17 15:21:00-04:00,144.25,144.2899932861328,144.19000244140625,144.22500610351562,194859,0.0,0.0
2025-06-17 15:22:00-04:00,144.22999572753906,144.27999877929688,144.2100067138672,144.2550048828125,151151,0.0,0.0
2025-06-17 15:23:00-04:00,144.2550048828125,144.27000427246094,144.20010375976562,144.22500610351562,128537,0.0,0.0
2025-06-17 15:24:00-04:00,144.22000122070312,144.27000427246094,144.21499633789062,144.25999450683594,100176,0.0,0.0
2025-06-17 15:25:00-04:00,144.25,144.3000030517578,144.2187957763672,144.27499389648438,134887,0.0,0.0
2025-06-17 15:26:00-04:00,144.27999877929688,144.298095703125,144.2200927734375,144.2949981689453,132013,0.0,0.0
2025-06-17 15:27:00-04:00,144.29849243164062,144.33999633789062,144.25999450683594,144.27000427246094,171467,0.0,0.0
2025-06-17 15:28:00-04:00,144.27499389648438,144.30499267578125,144.22999572753906,144.2465057373047,153589,0.0,0.0
2025-06-17 15:29:00-04:00,144.24989318847656,144.2899932861328,144.24009704589844,144.27609252929688,108745,0.0,0.0
2025-06-17 15:30:00-04:00,144.27499389648438,144.3654022216797,144.27499389648438,144.31500244140625,241453,0.0,0.0
2025-06-17 15:31:00-04:00,144.31500244140625,144.32000732421875,144.1699981689453,144.22000122070312,269082,0.0,0.0
2025-06-17 15:32:00-04:00,144.22000122070312,144.33990478515625,144.2100067138672,144.32009887695312,175121,0.0,0.0
2025-06-17 15:33:00-04:00,144.32000732421875,144.33999633789062,144.27000427246094,144.30999755859375,149261,0.0,0.0
2025-06-17 15:34:00-04:00,144.3000030517578,144.32000732421875,144.27000427246094,144.3000030517578,138343,0.0,0.0
2025-06-17 15:35:00-04:00,144.3000030517578,144.3699951171875,144.3000030517578,144.3282928466797,191797,0.0,0.0
2025-06-17 15:36:00-04:00,144.3249969482422,144.3350067138672,144.2700958251953,144.3199005126953,164851,0.0,0.0
2025-06-17 15:37:00-04:00,144.32000732421875,144.41000366210938,144.30499267578125,144.34010314941406,281275,0.0,0.0
2025-06-17 15:38:00-04:00,144.34500122070312,144.3800048828125,144.25999450683594,144.3000946044922,250799,0.0,0.0
2025-06-17 15:39:00-04:00,144.30499267578125,144.32000732421875,144.1699981689453,144.22300720214844,254405,0.0,0.0
2025-06-17 15:40:00-04:00,144.22500610351562,144.27999877929688,144.14999389648438,144.2550048828125,319488,0.0,0.0
2025-06-17 15:41:00-04:00,144.2550048828125,144.33999633789062,144.21009826660156,144.33999633789062,332438,0.0,0.0
2025-06-17 15:42:00-04:00,144.3350067138672,144.33999633789062,144.2449951171875,144.2449951171875,210188,0.0,0.0
2025-06-17 15:43:00-04:00,144.2449951171875,144.3300018310547,144.2100067138672,144.3249969482422,225880,0.0,0.0
2025-06-17 15:44:00-04:00,144.32000732421875,144.35000610351562,144.22500610351562,144.32009887695312,237910,0.0,0.0
2025-06-17 15:45:00-04:00,144.3300018310547,144.5,144.3000030517578,144.49859619140625,507243,0.0,0.0
2025-06-17 15:46:00-04:00,144.49929809570312,144.5500030517578,144.4600067138672,144.4949951171875,475666,0.0,0.0
2025-06-17 15:47:00-04:00,144.49989318847656,144.52999877929688,144.42999267578125,144.4949951171875,274421,0.0,0.0
2025-06-17 15:48:00-04:00,144.4949951171875,144.57000732421875,144.4600067138672,144.5500030517578,298222,0.0,0.0
2025-06-17 15:49:00-04:00,144.5449981689453,144.57000732421875,144.49000549316406,144.5601043701172,279020,0.0,0.0
2025-06-17 15:50:00-04:00,144.55999755859375,144.74000549316406,144.5,144.59500122070312,851204,0.0,0.0
2025-06-17 15:51:00-04:00,144.58999633789062,144.60000610351562,144.4499969482422,144.5399932861328,483718,0.0,0.0
2025-06-17 15:52:00-04:00,144.53500366210938,144.60000610351562,144.49020385742188,144.52000427246094,362133,0.0,0.0
2025-06-17 15:53:00-04:00,144.52000427246094,144.52000427246094,144.36500549316406,144.42999267578125,429374,0.0,0.0
2025-06-17 15:54:00-04:00,144.4199981689453,144.5500030517578,144.30349731445312,144.5399932861328,709772,0.0,0.0
2025-06-17 15:55:00-04:00,144.5384979248047,144.5384979248047,144.22500610351562,144.30999755859375,873781,0.0,0.0
2025-06-17 15:56:00-04:00,144.3000030517578,144.38999938964844,144.1699981689453,144.2050018310547,464987,0.0,0.0
2025-06-17 15:57:00-04:00,144.2050018310547,144.23500061035156,144.0601043701172,144.1613006591797,589773,0.0,0.0
2025-06-17 15:58:00-04:00,144.1699981689453,144.19769287109375,144.09500122070312,144.1083984375,647983,0.0,0.0
2025-06-17 15:59:00-04:00,144.10499572753906,144.1999969482422,144.00999450683594,144.0399932861328,2000851,0.0,0.0
2025-06-18 09:30:00-04:00,144.0050048828125,144.16000366210938,143.72000122070312,143.989501953125,5116044,0.0,0.0
2025-06-18 09:31:00-04:00,144.0,144.13999938964844,143.44000244140625,143.7899932861328,1144650,0.0,0.0
2025-06-18 09:32:00-04:00,143.78500366210938,143.875,143.41000366210938,143.5500030517578,780539,0.0,0.0
2025-06-18 09:33:00-04:00,143.5500030517578,143.5749969482422,143.1199951171875,143.55999755859375,1159972,0.0,0.0
2025-06-18 09:34:00-04:00,143.5399932861328,143.64999389648438,143.3000030517578,143.4409942626953,531920,0.0,0.0
2025-06-18 09:35:00-04:00,143.4499969482422,143.7100067138672,143.42999267578125,143.64999389648438,814815,0.0,0.0
2025-06-18 09:36:00-04:00,143.64999389648438,143.64999389648438,143.39999389648438,143.5500030517578,586117,0.0,0.0
2025-06-18 09:37:00-04:00,143.55990600585938,143.71820068359375,143.47000122070312,143.5850067138672,452539,0.0,0.0
2025-06-18 09:38:00-04:00,143.5850067138672,143.77000427246094,143.5500030517578,143.67010498046875,530436,0.0,0.0
2025-06-18 09:39:00-04:00,143.66000366210938,143.78990173339844,143.625,143.7299041748047,452432,0.0,0.0
2025-06-18 09:40:00-04:00,143.72999572753906,143.89999389648438,143.69500732421875,143.8583984375,526739,0.0,0.0
2025-06-18 09:41:00-04:00,143.85000610351562,144.0500030517578,143.7100067138672,144.02000427246094,789172,0.0,0.0
2025-06-18 09:42:00-04:00,144.02000427246094,144.02999877929688,143.85000610351562,143.87989807128906,446090,0.0,0.0
2025-06-18 09:43:00-04:00,143.88999938964844,144.00999450683594,143.8101043701172,143.94000244140625,409244,0.0,0.0
2025-06-18 09:44:00-04:00,143.93499755859375,144.0800018310547,143.93499755859375,143.97650146484375,438222,0.0,0.0
2025-06-18 09:45:00-04:00,143.97500610351562,144.0500030517578,143.8699951171875,143.98500061035156,368400,0.0,0.0
2025-06-18 09:46:00-04:00,143.9949951171875,144.08999633789062,143.97000122070312,144.02999877929688,263082,0.0,0.0
2025-06-18 09:47:00-04:00,144.16529846191406,144.42999267578125,144.1199951171875,144.42990112304688,929027,0.0,0.0
2025-06-18 09:48:00-04:00,144.4250030517578,144.49000549316406,144.30999755859375,144.3323974609375,631789,0.0,0.0
2025-06-18 09:49:00-04:00,144.33999633789062,144.4199981689453,144.27999877929688,144.40499877929688,386655,0.0,0.0
2025-06-18 09:50:00-04:00,144.4058074951172,144.4600067138672,144.22999572753906,144.23500061035156,466575,0.0,0.0
2025-06-18 09:51:00-04:00,144.24000549316406,144.36990356445312,144.2100067138672,144.30299377441406,306033,0.0,0.0
2025-06-18 09:52:00-04:00,144.30499267578125,144.52999877929688,144.25,144.45989990234375,714163,0.0,0.0
2025-06-18 09:53:00-04:00,144.44500732421875,144.5500030517578,144.38999938964844,144.4149932861328,422338,0.0,0.0
2025-06-18 09:54:00-04:00,144.41000366210938,144.4687957763672,144.1999969482422,144.268798828125,504966,0.0,0.0
2025-06-18 09:55:00-04:00,144.25999450683594,144.36000061035156,144.1999969482422,144.33999633789062,314878,0.0,0.0
2025-06-18 09:56:00-04:00,144.3511962890625,144.45849609375,144.2949981689453,144.3300018310547,312893,0.0,0.0
2025-06-18 09:57:00-04:00,144.33990478515625,144.47000122070312,144.2899932861328,144.41000366210938,273986,0.0,0.0
2025-06-18 09:58:00-04:00,144.40499877929688,144.53500366210938,144.3800048828125,144.52999877929688,335248,0.0,0.0
2025-06-18 09:59:00-04:00,144.5399932861328,144.63999938964844,144.4600067138672,144.50999450683594,540960,0.0,0.0
2025-06-18 10:00:00-04:00,144.52000427246094,144.61500549316406,144.4199981689453,144.43499755859375,463281,0.0,0.0
2025-06-18 10:01:00-04:00,144.42999267578125,144.5,144.35000610351562,144.40989685058594,344693,0.0,0.0
2025-06-18 10:02:00-04:00,144.41000366210938,144.59519958496094,144.3300018310547,144.5800018310547,350788,0.0,0.0
2025-06-18 10:03:00-04:00,144.60000610351562,144.7299041748047,144.55999755859375,144.70159912109375,477633,0.0,0.0
2025-06-18 10:04:00-04:00,144.6999969482422,144.77000427246094,144.6699981689453,144.69000244140625,413900,0.0,0.0
2025-06-18 10:05:00-04:00,144.68499755859375,144.72999572753906,144.58999633789062,144.6988067626953,321521,0.0,0.0
2025-06-18 10:06:00-04:00,144.69500732421875,144.72740173339844,144.57000732421875,144.6649932861328,300513,0.0,0.0
2025-06-18 10:07:00-04:00,144.6699981689453,144.8000030517578,144.5989990234375,144.72500610351562,383829,0.0,0.0
2025-06-18 10:08:00-04:00,144.72869873046875,144.85000610351562,144.64999389648438,144.80990600585938,479090,0.0,0.0
2025-06-18 10:09:00-04:00,144.80999755859375,144.83999633789062,144.6699981689453,144.72000122070312,329828,0.0,0.0
2025-06-18 10:10:00-04:00,144.7154998779297,144.75999450683594,144.67100524902344,144.7449951171875,262538,0.0,0.0
2025-06-18 10:11:00-04:00,144.74000549316406,144.875,144.72500610351562,144.80999755859375,347541,0.0,0.0
2025-06-18 10:12:00-04:00,144.8184051513672,144.88999938964844,144.77999877929688,144.86329650878906,282043,0.0,0.0
2025-06-18 10:13:00-04:00,144.86500549316406,144.91000366210938,144.8300018310547,144.90499877929688,325366,0.0,0.0
2025-06-18 10:14:00-04:00,144.89500427246094,144.9499969482422,144.8800048828125,144.93499755859375,433786,0.0,0.0
2025-06-18 10:15:00-04:00,144.93499755859375,145.1300048828125,144.875,145.05140686035156,1680805,0.0,0.0
2025-06-18 10:16:00-04:00,145.05499267578125,145.10000610351562,144.8800048828125,144.91000366210938,529295,0.0,0.0
2025-06-18 10:17:00-04:00,144.9199981689453,144.9499969482422,144.77999877929688,144.8300018310547,520618,0.0,0.0
2025-06-18 10:18:00-04:00,144.82870483398438,144.9499969482422,144.80999755859375,144.86500549316406,347523,0.0,0.0
2025-06-18 10:19:00-04:00,144.86500549316406,144.94500732421875,144.82000732421875,144.91000366210938,254799,0.0,0.0
2025-06-18 10:20:00-04:00,144.89999389648438,145.0500030517578,144.88999938964844,145.0399932861328,513105,0.0,0.0
2025-06-18 10:21:00-04:00,145.03500366210938,145.27000427246094,145.03500366210938,145.1199951171875,918016,0.0,0.0
2025-06-18 10:22:00-04:00,145.1199951171875,145.2550048828125,145.08999633789062,145.25,496407,0.0,0.0
2025-06-18 10:23:00-04:00,145.2449951171875,145.26499938964844,145.1300048828125,145.19500732421875,473217,0.0,0.0
2025-06-18 10:24:00-04:00,145.19500732421875,145.25,145.16000366210938,145.17840576171875,471863,0.0,0.0
2025-06-18 10:25:00-04:00,145.1699981689453,145.2449951171875,145.0850067138672,145.16000366210938,470056,0.0,0.0
2025-06-18 10:26:00-04:00,145.17849731445312,145.26499938964844,145.14500427246094,145.2200927734375,396042,0.0,0.0
2025-06-18 10:27:00-04:00,145.22500610351562,145.27999877929688,145.19000244140625,145.19000244140625,420186,0.0,0.0
2025-06-18 10:28:00-04:00,145.1988983154297,145.3300018310547,145.16000366210938,145.1685028076172,591019,0.0,0.0
2025-06-18 10:29:00-04:00,145.16180419921875,145.28500366210938,145.16000366210938,145.22000122070312,297537,0.0,0.0
2025-06-18 10:30:00-04:00,145.22000122070312,145.4010009765625,145.13999938964844,145.2613983154297,674711,0.0,0.0
2025-06-18 10:31:00-04:00,145.27000427246094,145.4329071044922,145.2449951171875,145.31500244140625,642601,0.0,0.0
2025-06-18 10:32:00-04:00,145.31520080566406,145.36000061035156,145.25999450683594,145.26499938964844,344134,0.0,0.0
2025-06-18 10:33:00-04:00,145.26010131835938,145.33999633789062,145.23500061035156,145.25999450683594,293163,0.0,0.0
2025-06-18 10:34:00-04:00,145.25999450683594,145.42999267578125,145.25010681152344,145.38499450683594,313484,0.0,0.0
2025-06-18 10:35:00-04:00,145.38499450683594,145.44000244140625,145.32000732421875,145.3513946533203,404099,0.0,0.0
2025-06-18 10:36:00-04:00,145.35499572753906,145.38999938964844,145.27000427246094,145.36500549316406,325673,0.0,0.0
2025-06-18 10:37:00-04:00,145.360107421875,145.48809814453125,145.33999633789062,145.44500732421875,561857,0.0,0.0
2025-06-18 10:38:00-04:00,145.44000244140625,145.58999633789062,145.40499877929688,145.57550048828125,827216,0.0,0.0
2025-06-18 10:39:00-04:00,145.57000732421875,145.6199951171875,145.5,145.52000427246094,485929,0.0,0.0
2025-06-18 10:40:00-04:00,145.52479553222656,145.5500030517578,145.34500122070312,145.3498992919922,399130,0.0,0.0
2025-06-18 10:41:00-04:00,145.34500122070312,145.3778076171875,145.2100067138672,145.2386932373047,625762,0.0,0.0
2025-06-18 10:42:00-04:00,145.247802734375,145.36000061035156,145.1699981689453,145.33999633789062,513015,0.0,0.0
2025-06-18 10:43:00-04:00,145.33990478515625,145.39999389648438,145.32000732421875,145.36500549316406,307630,0.0,0.0
2025-06-18 10:44:00-04:00,145.36500549316406,145.3699951171875,145.23150634765625,145.3249969482422,356922,0.0,0.0
2025-06-18 10:45:00-04:00,145.3300018310547,145.3800048828125,145.25999450683594,145.26499938964844,260568,0.0,0.0
2025-06-18 10:46:00-04:00,145.25999450683594,145.26809692382812,145.17999267578125,145.22500610351562,358483,0.0,0.0
2025-06-18 10:47:00-04:00,145.22000122070312,145.27499389648438,145.15199279785156,145.202392578125,281580,0.0,0.0
2025-06-18 10:48:00-04:00,145.2050018310547,145.22999572753906,145.0500030517578,145.06500244140625,490230,0.0,0.0
2025-06-18 10:49:00-04:00,145.06500244140625,145.14999389648438,145.0500030517578,145.13499450683594,377589,0.0,0.0
2025-06-18 10:50:00-04:00,145.13499450683594,145.22000122070312,145.09500122070312,145.10479736328125,329621,0.0,0.0
2025-06-18 10:51:00-04:00,145.11000061035156,145.16000366210938,145.08999633789062,145.10549926757812,195212,0.0,0.0
2025-06-18 10:52:00-04:00,145.11000061035156,145.11500549316406,144.97000122070312,145.0050048828125,404890,0.0,0.0
2025-06-18 10:53:00-04:00,145.00999450683594,145.03990173339844,144.88999938964844,144.92520141601562,435501,0.0,0.0
2025-06-18 10:54:00-04:00,144.9250030517578,145.02000427246094,144.91000366210938,145.00999450683594,313940,0.0,0.0
2025-06-18 10:55:00-04:00,145.0012969970703,145.05999755859375,144.9647979736328,145.02000427246094,287007,0.0,0.0
2025-06-18 10:56:00-04:00,145.02000427246094,145.10000610351562,144.97000122070312,145.08999633789062,300712,0.0,0.0
2025-06-18 10:57:00-04:00,145.08970642089844,145.10000610351562,145.0,145.03819274902344,251892,0.0,0.0
2025-06-18 10:58:00-04:00,145.03500366210938,145.0399932861328,144.92999267578125,145.02420043945312,237030,0.0,0.0
2025-06-18 10:59:00-04:00,145.02999877929688,145.10000610351562,145.02000427246094,145.08009338378906,323068,0.0,0.0
2025-06-18 11:00:00-04:00,145.08990478515625,145.11819458007812,145.0449981689453,145.06500244140625,281235,0.0,0.0
2025-06-18 11:01:00-04:00,145.05999755859375,145.1699981689453,145.0399932861328,145.1699981689453,313340,0.0,0.0
2025-06-18 11:02:00-04:00,145.1649932861328,145.22999572753906,145.14999389648438,145.1885986328125,359026,0.0,0.0
2025-06-18 11:03:00-04:00,145.19000244140625,145.19000244140625,145.04010009765625,145.05819702148438,249342,0.0,0.0
2025-06-18 11:04:00-04:00,145.0500030517578,145.10000610351562,145.02999877929688,145.09500122070312,195623,0.0,0.0
2025-06-18 11:05:00-04:00,145.08999633789062,145.0980987548828,144.97999572753906,145.0050048828125,242035,0.0,0.0
2025-06-18 11:06:00-04:00,145.0050048828125,145.0500030517578,144.88180541992188,144.90499877929688,308441,0.0,0.0
2025-06-18 11:07:00-04:00,144.89500427246094,144.89999389648438,144.8800048828125,144.88499450683594,28072,0.0,0.0
2025-06-18 11:08:00-04:00,144.94500732421875,144.9600067138672,144.9199981689453,144.94009399414062,386152,0.0,0.0
2025-06-18 11:09:00-04:00,144.90989685058594,144.90989685058594,144.8800048828125,144.8903045654297,169025,0.0,0.0
2025-06-18 11:10:00-04:00,144.8699951171875,144.875,144.8300018310547,144.8300018310547,417960,0.0,0.0
2025-06-18 11:11:00-04:00,144.7949981689453,144.8000030517578,144.75999450683594,144.77499389648438,408718,0.0,0.0
2025-06-18 11:13:00-04:00,144.90499877929688,144.92999267578125,144.8936004638672,144.9149932861328,502053,0.0,0.0
2025-06-18 11:15:00-04:00,144.88999938964844,144.9199981689453,144.8699951171875,144.90499877929688,285940,0.0,0.0
2025-06-18 11:16:00-04:00,144.8800048828125,144.91000366210938,144.8699951171875,144.89999389648438,95661,0.0,0.0
2025-06-18 11:17:00-04:00,144.94500732421875,144.99000549316406,144.94000244140625,144.98789978027344,391030,0.0,0.0
2025-06-18 11:18:00-04:00,144.98500061035156,145.05999755859375,144.97999572753906,145.05799865722656,343655,0.0,0.0
2025-06-18 11:20:00-04:00,144.9149932861328,144.9600067138672,144.9149932861328,144.94830322265625,380256,0.0,0.0
2025-06-18 11:21:00-04:00,144.89999389648438,144.9199981689453,144.89500427246094,144.91009521484375,139006,0.0,0.0
2025-06-18 11:22:00-04:00,144.94500732421875,144.94500732421875,144.875,144.92840576171875,303218,0.0,0.0
2025-06-18 11:24:00-04:00,145.0,145.0,144.95989990234375,144.97999572753906,362530,0.0,0.0
2025-06-18 11:25:00-04:00,144.97500610351562,144.99000549316406,144.94500732421875,144.97999572753906,168327,0.0,0.0
2025-06-18 11:27:00-04:00,144.99000549316406,145.05990600585938,144.97500610351562,145.01499938964844,430492,0.0,0.0
2025-06-18 11:28:00-04:00,145.00999450683594,145.02999877929688,144.9700927734375,145.00120544433594,201879,0.0,0.0
2025-06-18 11:29:00-04:00,145.00869750976562,145.00999450683594,144.99000549316406,144.99000549316406,3367,0.0,0.0
2025-06-18 11:31:00-04:00,145.0500030517578,145.07000732421875,145.03500366210938,145.05999755859375,498974,0.0,0.0
2025-06-18 11:32:00-04:00,145.07179260253906,145.11000061035156,145.0399932861328,145.04859924316406,329308,0.0,0.0
2025-06-18 11:33:00-04:00,145.0449981689453,145.08999633789062,145.03500366210938,145.08999633789062,94754,0.0,0.0
2025-06-18 11:36:00-04:00,145.08999633789062,145.1300048828125,145.08999633789062,145.10989379882812,810056,0.0,0.0
2025-06-18 11:37:00-04:00,145.11000061035156,145.13999938964844,145.06500244140625,145.13999938964844,147658,0.0,0.0
2025-06-18 11:40:00-04:00,145.3699951171875,145.38499450683594,145.22000122070312,145.27000427246094,1139770,0.0,0.0
2025-06-18 11:41:00-04:00,145.27999877929688,145.35009765625,145.25999450683594,145.30999755859375,355998,0.0,0.0
2025-06-18 11:42:00-04:00,145.3000030517578,145.30990600585938,145.2550048828125,145.26499938964844,19808,0.0,0.0
2025-06-18 11:43:00-04:00,145.27499389648438,145.27499389648438,145.18499755859375,145.2050018310547,405916,0.0,0.0
2025-06-18 11:44:00-04:00,145.2436065673828,145.25,145.1699981689453,145.2301025390625,352957,0.0,0.0
2025-06-18 11:45:00-04:00,145.23500061035156,145.27000427246094,145.22500610351562,145.25999450683594,50057,0.0,0.0
2025-06-18 11:47:00-04:00,145.24859619140625,145.2707061767578,145.24000549316406,145.2449951171875,518741,0.0,0.0
2025-06-18 11:48:00-04:00,145.27000427246094,145.3000030517578,145.25,145.27000427246094,240776,0.0,0.0
2025-06-18 11:49:00-04:00,145.27499389648438,145.3699951171875,145.25999450683594,145.35499572753906,328393,0.0,0.0
2025-06-18 11:50:00-04:00,145.35499572753906,145.39999389648438,145.29449462890625,145.39500427246094,391129,0.0,0.0
2025-06-18 11:51:00-04:00,145.39979553222656,145.42999267578125,145.3699951171875,145.39500427246094,284901,0.0,0.0
2025-06-18 11:52:00-04:00,145.39500427246094,145.4781951904297,145.39500427246094,145.44009399414062,250370,0.0,0.0
2025-06-18 11:53:00-04:00,145.4499969482422,145.4582977294922,145.39999389648438,145.4250030517578,248424,0.0,0.0
2025-06-18 11:54:00-04:00,145.42999267578125,145.4499969482422,145.41000366210938,145.43499755859375,156055,0.0,0.0
2025-06-18 11:55:00-04:00,145.43499755859375,145.4600067138672,145.364501953125,145.38009643554688,249579,0.0,0.0
2025-06-18 11:56:00-04:00,145.38499450683594,145.4499969482422,145.33999633789062,145.3498992919922,237707,0.0,0.0
2025-06-18 11:57:00-04:00,145.34500122070312,145.3699951171875,145.2200927734375,145.2375030517578,229429,0.0,0.0
2025-06-18 11:58:00-04:00,145.22999572753906,145.25,145.13999938964844,145.18099975585938,273775,0.0,0.0
2025-06-18 11:59:00-04:00,145.1750030517578,145.1999969482422,145.10000610351562,145.1488037109375,247884,0.0,0.0
2025-06-18 12:00:00-04:00,145.14500427246094,145.14759826660156,144.91000366210938,144.94000244140625,400438,0.0,0.0
2025-06-18 12:02:00-04:00,145.0749969482422,145.2100067138672,145.07470703125,145.19000244140625,776148,0.0,0.0
2025-06-18 12:03:00-04:00,145.19000244140625,145.25999450683594,145.19000244140625,145.2550048828125,238088,0.0,0.0
2025-06-18 12:04:00-04:00,145.25,145.3000030517578,145.2100067138672,145.27540588378906,250840,0.0,0.0
2025-06-18 12:05:00-04:00,145.27000427246094,145.2899932861328,145.19000244140625,145.23500061035156,191340,0.0,0.0
2025-06-18 12:06:00-04:00,145.24000549316406,145.24000549316406,145.16000366210938,145.20359802246094,156730,0.0,0.0
2025-06-18 12:07:00-04:00,145.2100067138672,145.3000030517578,145.1999969482422,145.27000427246094,208325,0.0,0.0
2025-06-18 12:08:00-04:00,145.26499938964844,145.375,145.25,145.36749267578125,222825,0.0,0.0
2025-06-18 12:09:00-04:00,145.36500549316406,145.39500427246094,145.33999633789062,145.34500122070312,200238,0.0,0.0
2025-06-18 12:10:00-04:00,145.34500122070312,145.38499450683594,145.3000030517578,145.32009887695312,164681,0.0,0.0
2025-06-18 12:11:00-04:00,145.32009887695312,145.3699951171875,145.3000030517578,145.3300018310547,148880,0.0,0.0
2025-06-18 12:12:00-04:00,145.3249969482422,145.39999389648438,145.3000030517578,145.38999938964844,201924,0.0,0.0
2025-06-18 12:13:00-04:00,145.3800048828125,145.39999389648438,145.36000061035156,145.3800048828125,126602,0.0,0.0
2025-06-18 12:14:00-04:00,145.375,145.39999389648438,145.36500549316406,145.36500549316406,166486,0.0,0.0
2025-06-18 12:15:00-04:00,145.3699951171875,145.4600067138672,145.3699951171875,145.4550018310547,214416,0.0,0.0
2025-06-18 12:16:00-04:00,145.4600067138672,145.4600067138672,145.34060668945312,145.39500427246094,276662,0.0,0.0
2025-06-18 12:17:00-04:00,145.38999938964844,145.4127960205078,145.34010314941406,145.4127960205078,157937,0.0,0.0
2025-06-18 12:18:00-04:00,145.4149932861328,145.44979858398438,145.3699951171875,145.39500427246094,183548,0.0,0.0
2025-06-18 12:19:00-04:00,145.39500427246094,145.44000244140625,145.35009765625,145.36019897460938,140910,0.0,0.0
2025-06-18 12:20:00-04:00,145.35499572753906,145.52000427246094,145.35000610351562,145.51499938964844,674917,0.0,0.0
2025-06-18 12:21:00-04:00,145.51499938964844,145.5850067138672,145.4600067138672,145.5449981689453,358226,0.0,0.0
2025-06-18 12:22:00-04:00,145.5500030517578,145.60000610351562,145.52000427246094,145.53500366210938,335540,0.0,0.0
2025-06-18 12:23:00-04:00,145.52999877929688,145.52999877929688,145.4700927734375,145.50819396972656,254985,0.0,0.0
2025-06-18 12:24:00-04:00,145.5,145.5,145.27999877929688,145.32009887695312,288143,0.0,0.0
2025-06-18 12:25:00-04:00,145.3300018310547,145.44500732421875,145.3249969482422,145.4315948486328,204586,0.0,0.0
2025-06-18 12:26:00-04:00,145.431396484375,145.4600067138672,145.33999633789062,145.39129638671875,171416,0.0,0.0
2025-06-18 12:27:00-04:00,145.38999938964844,145.4199981689453,145.35000610351562,145.4069061279297,105035,0.0,0.0
2025-06-18 12:28:00-04:00,145.40499877929688,145.40499877929688,145.27000427246094,145.2899932861328,157425,0.0,0.0
2025-06-18 12:29:00-04:00,145.27999877929688,145.2899932861328,145.2100067138672,145.27999877929688,252863,0.0,0.0
2025-06-18 12:30:00-04:00,145.27420043945312,145.35000610351562,145.25,145.31500244140625,149082,0.0,0.0
2025-06-18 12:31:00-04:00,145.30999755859375,145.3282928466797,145.25999450683594,145.27999877929688,180518,0.0,0.0
2025-06-18 12:32:00-04:00,145.27499389648438,145.30999755859375,145.19000244140625,145.1999969482422,133935,0.0,0.0
2025-06-18 12:33:00-04:00,145.2050018310547,145.22999572753906,145.17999267578125,145.19839477539062,194816,0.0,0.0
2025-06-18 12:34:00-04:00,145.19500732421875,145.2899932861328,145.17999267578125,145.26539611816406,137633,0.0,0.0
2025-06-18 12:35:00-04:00,145.25999450683594,145.2899932861328,145.17999267578125,145.1999969482422,140525,0.0,0.0
2025-06-18 12:36:00-04:00,145.2050018310547,145.27000427246094,145.19500732421875,145.25,100012,0.0,0.0
2025-06-18 12:37:00-04:00,145.24000549316406,145.25,145.19000244140625,145.25,117400,0.0,0.0
2025-06-18 12:38:00-04:00,145.25869750976562,145.2899932861328,145.22000122070312,145.2899932861328,122303,0.0,0.0
2025-06-18 12:39:00-04:00,145.28500366210938,145.36000061035156,145.27999877929688,145.3585968017578,165390,0.0,0.0
2025-06-18 12:40:00-04:00,145.35499572753906,145.3699951171875,145.3000030517578,145.32479858398438,118651,0.0,0.0
2025-06-18 12:41:00-04:00,145.32009887695312,145.38999938964844,145.32000732421875,145.36000061035156,96020,0.0,0.0
2025-06-18 12:42:00-04:00,145.36500549316406,145.389892578125,145.31500244140625,145.35499572753906,102798,0.0,0.0
2025-06-18 12:43:00-04:00,145.35989379882812,145.35989379882812,145.30999755859375,145.3300018310547,107485,0.0,0.0
2025-06-18 12:44:00-04:00,145.33999633789062,145.3699951171875,145.30499267578125,145.35499572753906,141881,0.0,0.0
2025-06-18 12:45:00-04:00,145.351806640625,145.3800048828125,145.31500244140625,145.36180114746094,115787,0.0,0.0
2025-06-18 12:46:00-04:00,145.3699951171875,145.44000244140625,145.3699951171875,145.375,191227,0.0,0.0
2025-06-18 12:47:00-04:00,145.3800048828125,145.41000366210938,145.34500122070312,145.3699951171875,135504,0.0,0.0
2025-06-18 12:48:00-04:00,145.37860107421875,145.3800048828125,145.2899932861328,145.30499267578125,128490,0.0,0.0
2025-06-18 12:49:00-04:00,145.3000030517578,145.32989501953125,145.22999572753906,145.2550048828125,175023,0.0,0.0
2025-06-18 12:50:00-04:00,145.25999450683594,145.3350067138672,145.1999969482422,145.3350067138672,216010,0.0,0.0
2025-06-18 12:51:00-04:00,145.3350067138672,145.38999938964844,145.3000030517578,145.35830688476562,164424,0.0,0.0
2025-06-18 12:52:00-04:00,145.35000610351562,145.3699951171875,145.26499938964844,145.3000030517578,136989,0.0,0.0
2025-06-18 12:53:00-04:00,145.2949981689453,145.30999755859375,145.24989318847656,145.30650329589844,133234,0.0,0.0
2025-06-18 12:54:00-04:00,145.3000030517578,145.32000732421875,145.27000427246094,145.27999877929688,154890,0.0,0.0
2025-06-18 12:55:00-04:00,145.27499389648438,145.39999389648438,145.26119995117188,145.375,133616,0.0,0.0
2025-06-18 12:56:00-04:00,145.3800048828125,145.42990112304688,145.35000610351562,145.41000366210938,177598,0.0,0.0
2025-06-18 12:57:00-04:00,145.40499877929688,145.4199981689453,145.3699951171875,145.39999389648438,172494,0.0,0.0
2025-06-18 12:58:00-04:00,145.40499877929688,145.5,145.39500427246094,145.4949951171875,278855,0.0,0.0
2025-06-18 12:59:00-04:00,145.4949951171875,145.55990600585938,145.4250030517578,145.4300994873047,340527,0.0,0.0
2025-06-18 13:00:00-04:00,145.43499755859375,145.51759338378906,145.40499877929688,145.4687042236328,250176,0.0,0.0
2025-06-18 13:01:00-04:00,145.46499633789062,145.5850067138672,145.4550018310547,145.5850067138672,241689,0.0,0.0
2025-06-18 13:02:00-04:00,145.5850067138672,145.60000610351562,145.53219604492188,145.57479858398438,358228,0.0,0.0
2025-06-18 13:03:00-04:00,145.56820678710938,145.5850067138672,145.53500366210938,145.53500366210938,159617,0.0,0.0
2025-06-18 13:04:00-04:00,145.5447998046875,145.59500122070312,145.52999877929688,145.55999755859375,215701,0.0,0.0
2025-06-18 13:05:00-04:00,145.5500030517578,145.5500030517578,145.4499969482422,145.47000122070312,204865,0.0,0.0
2025-06-18 13:06:00-04:00,145.4600067138672,145.49169921875,145.4199981689453,145.47479248046875,164706,0.0,0.0
2025-06-18 13:07:00-04:00,145.47500610351562,145.5,145.42999267578125,145.4550018310547,113030,0.0,0.0
2025-06-18 13:08:00-04:00,145.4687042236328,145.50999450683594,145.4600067138672,145.4853973388672,102308,0.0,0.0
2025-06-18 13:09:00-04:00,145.4886932373047,145.5,145.45480346679688,145.47999572753906,84042,0.0,0.0
2025-06-18 13:10:00-04:00,145.47999572753906,145.50999450683594,145.47500610351562,145.5050048828125,151425,0.0,0.0
2025-06-18 13:11:00-04:00,145.50169372558594,145.50999450683594,145.4550018310547,145.47500610351562,100684,0.0,0.0
2025-06-18 13:12:00-04:00,145.47000122070312,145.48500061035156,145.4199981689453,145.4600067138672,117083,0.0,0.0
2025-06-18 13:13:00-04:00,145.47500610351562,145.49000549316406,145.4300994873047,145.4550018310547,133463,0.0,0.0
2025-06-18 13:14:00-04:00,145.4550018310547,145.5,145.44000244140625,145.48500061035156,155465,0.0,0.0
2025-06-18 13:15:00-04:00,145.5,145.5,145.44000244140625,145.4499969482422,102253,0.0,0.0
2025-06-18 13:16:00-04:00,145.4552001953125,145.47999572753906,145.40499877929688,145.468505859375,177110,0.0,0.0
2025-06-18 13:17:00-04:00,145.46499633789062,145.49000549316406,145.4300994873047,145.43499755859375,108224,0.0,0.0
2025-06-18 13:18:00-04:00,145.44000244140625,145.4600067138672,145.43519592285156,145.44000244140625,77236,0.0,0.0
2025-06-18 13:19:00-04:00,145.44500732421875,145.4600067138672,145.375,145.37860107421875,154102,0.0,0.0
2025-06-18 13:20:00-04:00,145.3800048828125,145.39500427246094,145.2899932861328,145.2949981689453,189466,0.0,0.0
2025-06-18 13:21:00-04:00,145.2949981689453,145.30990600585938,145.14999389648438,145.19000244140625,237297,0.0,0.0
2025-06-18 13:22:00-04:00,145.19000244140625,145.1999969482422,145.11500549316406,145.13499450683594,277374,0.0,0.0
2025-06-18 13:23:00-04:00,145.13059997558594,145.17990112304688,145.11349487304688,145.16000366210938,169667,0.0,0.0
2025-06-18 13:24:00-04:00,145.1634979248047,145.2449951171875,145.08999633789062,145.23989868164062,241015,0.0,0.0
2025-06-18 13:25:00-04:00,145.22999572753906,145.27000427246094,145.22000122070312,145.2451934814453,153873,0.0,0.0
2025-06-18 13:26:00-04:00,145.24000549316406,145.25,145.2050018310547,145.23500061035156,104946,0.0,0.0
2025-06-18 13:27:00-04:00,145.23019409179688,145.24839782714844,145.16000366210938,145.17010498046875,137525,0.0,0.0
2025-06-18 13:28:00-04:00,145.17999267578125,145.17999267578125,145.10000610351562,145.1699981689453,179511,0.0,0.0
2025-06-18 13:29:00-04:00,145.16000366210938,145.1699981689453,145.1199951171875,145.13499450683594,118596,0.0,0.0
2025-06-18 13:30:00-04:00,145.13499450683594,145.2050018310547,145.0850067138672,145.125,278971,0.0,0.0
2025-06-18 13:31:00-04:00,145.1199951171875,145.1199951171875,144.91799926757812,144.92999267578125,515485,0.0,0.0
2025-06-18 13:32:00-04:00,144.92999267578125,144.92999267578125,144.8800048828125,144.91299438476562,219580,0.0,0.0
2025-06-18 13:33:00-04:00,144.91000366210938,144.92999267578125,144.82000732421875,144.88929748535156,280049,0.0,0.0
2025-06-18 13:34:00-04:00,144.88999938964844,144.94500732421875,144.81500244140625,144.87640380859375,220051,0.0,0.0
2025-06-18 13:35:00-04:00,144.8784942626953,144.88999938964844,144.7449951171875,144.8350067138672,308987,0.0,0.0
2025-06-18 13:36:00-04:00,144.8300018310547,144.87989807128906,144.75,144.86500549316406,202950,0.0,0.0
2025-06-18 13:37:00-04:00,144.8699951171875,144.9600067138672,144.8300018310547,144.91990661621094,331330,0.0,0.0
2025-06-18 13:38:00-04:00,144.9149932861328,144.97999572753906,144.88999938964844,144.96499633789062,168878,0.0,0.0
2025-06-18 13:39:00-04:00,144.96499633789062,144.99000549316406,144.89999389648438,144.93789672851562,192704,0.0,0.0
2025-06-18 13:40:00-04:00,144.94500732421875,144.97000122070312,144.90269470214844,144.9499969482422,156933,0.0,0.0
2025-06-18 13:41:00-04:00,144.97000122070312,144.99000549316406,144.9550018310547,144.96499633789062,180159,0.0,0.0
2025-06-18 13:42:00-04:00,144.97000122070312,145.05999755859375,144.94000244140625,145.05999755859375,241453,0.0,0.0
2025-06-18 13:43:00-04:00,145.05850219726562,145.08999633789062,145.0449981689453,145.07000732421875,170412,0.0,0.0
2025-06-18 13:44:00-04:00,145.06500244140625,145.10000610351562,144.9949951171875,145.03500366210938,272280,0.0,0.0
2025-06-18 13:45:00-04:00,145.03829956054688,145.08999633789062,145.00999450683594,145.02499389648438,167995,0.0,0.0
2025-06-18 13:46:00-04:00,145.02769470214844,145.0800018310547,145.01010131835938,145.0449981689453,179626,0.0,0.0
2025-06-18 13:47:00-04:00,145.0449981689453,145.05999755859375,144.9801025390625,145.00990295410156,204139,0.0,0.0
2025-06-18 13:48:00-04:00,145.0,145.05999755859375,144.98019409179688,144.9949951171875,142283,0.0,0.0
2025-06-18 13:49:00-04:00,145.0,145.0,144.88999938964844,144.9149932861328,201567,0.0,0.0
2025-06-18 13:50:00-04:00,144.9199981689453,144.97000122070312,144.86000061035156,144.8800048828125,240071,0.0,0.0
2025-06-18 13:51:00-04:00,144.87989807128906,144.97500610351562,144.87989807128906,144.96820068359375,146510,0.0,0.0
2025-06-18 13:52:00-04:00,144.96499633789062,145.0050048828125,144.9600067138672,144.99000549316406,248741,0.0,0.0
2025-06-18 13:53:00-04:00,144.99000549316406,145.0500030517578,144.97999572753906,145.04029846191406,169149,0.0,0.0
2025-06-18 13:54:00-04:00,145.0500030517578,145.0800018310547,145.02999877929688,145.05499267578125,154558,0.0,0.0
2025-06-18 13:55:00-04:00,145.0500030517578,145.07000732421875,145.02000427246094,145.07000732421875,120604,0.0,0.0
2025-06-18 13:56:00-04:00,145.07989501953125,145.1999969482422,145.07989501953125,145.1750030517578,255627,0.0,0.0
2025-06-18 13:57:00-04:00,145.1750030517578,145.1999969482422,145.14010620117188,145.17999267578125,119646,0.0,0.0
2025-06-18 13:58:00-04:00,145.18040466308594,145.19500732421875,145.1199951171875,145.1300048828125,145239,0.0,0.0
2025-06-18 13:59:00-04:00,145.12010192871094,145.25999450683594,145.11000061035156,145.1699981689453,288979,0.0,0.0
2025-06-18 14:00:00-04:00,145.25,145.5,145.17999267578125,145.41000366210938,881025,0.0,0.0
2025-06-18 14:01:00-04:00,145.41000366210938,145.5,145.32000732421875,145.35499572753906,401707,0.0,0.0
2025-06-18 14:02:00-04:00,145.36000061035156,145.36000061035156,144.97999572753906,144.98019409179688,432747,0.0,0.0
2025-06-18 14:03:00-04:00,144.99000549316406,145.13690185546875,144.94000244140625,145.0749969482422,292181,0.0,0.0
2025-06-18 14:04:00-04:00,145.07000732421875,145.1699981689453,144.8350067138672,144.83999633789062,343341,0.0,0.0
2025-06-18 14:05:00-04:00,144.84500122070312,144.9597930908203,144.7100067138672,144.89999389648438,423375,0.0,0.0
2025-06-18 14:06:00-04:00,144.89999389648438,144.99000549316406,144.7899932861328,144.97000122070312,221961,0.0,0.0
2025-06-18 14:07:00-04:00,144.98500061035156,145.0449981689453,144.88999938964844,145.0399932861328,294102,0.0,0.0
2025-06-18 14:08:00-04:00,145.0399932861328,145.218994140625,145.0200958251953,145.09950256347656,412135,0.0,0.0
2025-06-18 14:09:00-04:00,145.08999633789062,145.0998992919922,144.9949951171875,145.03500366210938,190319,0.0,0.0
2025-06-18 14:10:00-04:00,145.02000427246094,145.14999389648438,145.00999450683594,145.0749969482422,242126,0.0,0.0
2025-06-18 14:11:00-04:00,145.0800018310547,145.14999389648438,145.02999877929688,145.1300048828125,226022,0.0,0.0
2025-06-18 14:12:00-04:00,145.1248016357422,145.17999267578125,145.01499938964844,145.02110290527344,245998,0.0,0.0
2025-06-18 14:13:00-04:00,145.02499389648438,145.07000732421875,144.9600067138672,145.0449981689453,223227,0.0,0.0
2025-06-18 14:14:00-04:00,145.0399932861328,145.07000732421875,144.97999572753906,145.03469848632812,210311,0.0,0.0
2025-06-18 14:15:00-04:00,145.03500366210938,145.1750030517578,144.9949951171875,145.16009521484375,268372,0.0,0.0
2025-06-18 14:16:00-04:00,145.1649932861328,145.2100067138672,145.11000061035156,145.11500549316406,208275,0.0,0.0
2025-06-18 14:17:00-04:00,145.11000061035156,145.22999572753906,145.10499572753906,145.1750030517578,205024,0.0,0.0
2025-06-18 14:18:00-04:00,145.18499755859375,145.22999572753906,145.11500549316406,145.19000244140625,218294,0.0,0.0
2025-06-18 14:19:00-04:00,145.18980407714844,145.19500732421875,145.10000610351562,145.1199951171875,139037,0.0,0.0
2025-06-18 14:20:00-04:00,145.11700439453125,145.14500427246094,145.04010009765625,145.13999938964844,177551,0.0,0.0
2025-06-18 14:21:00-04:00,145.13999938964844,145.1999969482422,145.0850067138672,145.10000610351562,200111,0.0,0.0
2025-06-18 14:22:00-04:00,145.09500122070312,145.1300048828125,145.05999755859375,145.10000610351562,162879,0.0,0.0
2025-06-18 14:23:00-04:00,145.08999633789062,145.11300659179688,144.94500732421875,144.9600067138672,232050,0.0,0.0
2025-06-18 14:24:00-04:00,144.9600067138672,144.97000122070312,144.83999633789062,144.88499450683594,357296,0.0,0.0
2025-06-18 14:25:00-04:00,144.8896942138672,145.0800018310547,144.85000610351562,145.06869506835938,268425,0.0,0.0
2025-06-18 14:26:00-04:00,145.07000732421875,145.13999938964844,145.0601043701172,145.08120727539062,258141,0.0,0.0
2025-06-18 14:27:00-04:00,145.09869384765625,145.1284942626953,145.0500030517578,145.11000061035156,142693,0.0,0.0
2025-06-18 14:28:00-04:00,145.1199951171875,145.1300048828125,144.99000549316406,145.0198974609375,132379,0.0,0.0
2025-06-18 14:29:00-04:00,145.00999450683594,145.10000610351562,144.9949951171875,145.0500030517578,112207,0.0,0.0
2025-06-18 14:30:00-04:00,145.05999755859375,145.05999755859375,144.91000366210938,144.94000244140625,177304,0.0,0.0
2025-06-18 14:31:00-04:00,144.93499755859375,145.10000610351562,144.92999267578125,145.09500122070312,160427,0.0,0.0
2025-06-18 14:32:00-04:00,145.09010314941406,145.2100067138672,145.09010314941406,145.19850158691406,305416,0.0,0.0
2025-06-18 14:33:00-04:00,145.19479370117188,145.24000549316406,145.1699981689453,145.19500732421875,351542,0.0,0.0
2025-06-18 14:34:00-04:00,145.1999969482422,145.22999572753906,145.1501007080078,145.1649932861328,214639,0.0,0.0
2025-06-18 14:35:00-04:00,145.16160583496094,145.17999267578125,144.8300018310547,144.9499053955078,552007,0.0,0.0
2025-06-18 14:36:00-04:00,144.94000244140625,145.08999633789062,144.86000061035156,145.05029296875,328718,0.0,0.0
2025-06-18 14:37:00-04:00,145.0500030517578,145.0800018310547,144.96499633789062,145.00010681152344,154401,0.0,0.0
2025-06-18 14:38:00-04:00,145.00140380859375,145.1999969482422,144.97999572753906,145.19500732421875,286479,0.0,0.0
2025-06-18 14:39:00-04:00,145.19000244140625,145.19000244140625,145.08999633789062,145.10000610351562,179465,0.0,0.0
2025-06-18 14:40:00-04:00,145.09500122070312,145.2100067138672,145.02000427246094,145.2050018310547,280014,0.0,0.0
2025-06-18 14:41:00-04:00,145.2100067138672,145.22000122070312,145.13499450683594,145.1999969482422,269021,0.0,0.0
2025-06-18 14:42:00-04:00,145.1999969482422,145.27999877929688,145.16000366210938,145.22000122070312,394728,0.0,0.0
2025-06-18 14:43:00-04:00,145.22000122070312,145.25999450683594,145.1649932861328,145.1999969482422,245308,0.0,0.0
2025-06-18 14:44:00-04:00,145.19500732421875,145.2100067138672,145.14999389648438,145.19000244140625,183984,0.0,0.0
2025-06-18 14:45:00-04:00,145.17999267578125,145.18870544433594,145.02999877929688,145.07000732421875,323498,0.0,0.0
2025-06-18 14:46:00-04:00,145.06500244140625,145.1199951171875,144.97500610351562,145.10110473632812,262085,0.0,0.0
2025-06-18 14:47:00-04:00,145.10499572753906,145.17999267578125,145.07000732421875,145.09500122070312,200673,0.0,0.0
2025-06-18 14:48:00-04:00,145.10000610351562,145.1083984375,144.97479248046875,145.0449981689453,215965,0.0,0.0
2025-06-18 14:49:00-04:00,145.0500030517578,145.11000061035156,145.02999877929688,145.08999633789062,227491,0.0,0.0
2025-06-18 14:50:00-04:00,145.09500122070312,145.11000061035156,144.9499969482422,145.01519775390625,265282,0.0,0.0
2025-06-18 14:51:00-04:00,145.00999450683594,145.00999450683594,144.8800048828125,144.99000549316406,312499,0.0,0.0
2025-06-18 14:52:00-04:00,144.9949951171875,145.0,144.8800048828125,144.89990234375,215960,0.0,0.0
2025-06-18 14:53:00-04:00,144.89010620117188,144.9185028076172,144.66000366210938,144.7050018310547,539478,0.0,0.0
2025-06-18 14:54:00-04:00,144.6999969482422,144.75,144.5850067138672,144.72000122070312,430886,0.0,0.0
2025-06-18 14:55:00-04:00,144.7100067138672,144.7277069091797,144.52499389648438,144.5749969482422,523739,0.0,0.0
2025-06-18 14:56:00-04:00,144.57000732421875,144.58999633789062,144.32479858398438,144.38499450683594,677007,0.0,0.0
2025-06-18 14:57:00-04:00,144.3876953125,144.4199981689453,144.17999267578125,144.2899932861328,628721,0.0,0.0
2025-06-18 14:58:00-04:00,144.27999877929688,144.38999938964844,144.0518035888672,144.2449951171875,1085655,0.0,0.0
2025-06-18 14:59:00-04:00,144.25,144.35000610351562,144.10000610351562,144.27999877929688,392524,0.0,0.0
2025-06-18 15:00:00-04:00,144.2899932861328,144.2899932861328,144.02000427246094,144.02499389648438,613863,0.0,0.0
2025-06-18 15:01:00-04:00,144.02999877929688,144.24000549316406,143.91000366210938,144.1977996826172,914601,0.0,0.0
2025-06-18 15:02:00-04:00,144.1999969482422,144.3000030517578,144.0854949951172,144.1999969482422,476904,0.0,0.0
2025-06-18 15:03:00-04:00,144.22000122070312,144.32000732421875,144.1999969482422,144.27499389648438,346053,0.0,0.0
2025-06-18 15:04:00-04:00,144.27999877929688,144.47000122070312,144.25,144.4398956298828,439383,0.0,0.0
2025-06-18 15:05:00-04:00,144.44000244140625,144.57760620117188,144.40499877929688,144.42010498046875,585867,0.0,0.0
2025-06-18 15:06:00-04:00,144.42489624023438,144.52499389648438,144.35000610351562,144.38499450683594,332551,0.0,0.0
2025-06-18 15:07:00-04:00,144.3800048828125,144.4250030517578,144.2801055908203,144.35499572753906,313119,0.0,0.0
2025-06-18 15:08:00-04:00,144.35499572753906,144.38999938964844,144.27000427246094,144.29769897460938,202082,0.0,0.0
2025-06-18 15:09:00-04:00,144.28500366210938,144.32000732421875,144.2301025390625,144.31640625,236918,0.0,0.0
2025-06-18 15:10:00-04:00,144.3000946044922,144.3986053466797,144.27000427246094,144.39500427246094,238155,0.0,0.0
2025-06-18 15:11:00-04:00,144.39889526367188,144.50999450683594,144.38999938964844,144.4683074951172,323631,0.0,0.0
2025-06-18 15:12:00-04:00,144.4600067138672,144.47999572753906,144.3300018310547,144.33999633789062,289141,0.0,0.0
2025-06-18 15:13:00-04:00,144.3300018310547,144.71499633789062,144.2100067138672,144.65499877929688,766674,0.0,0.0
2025-06-18 15:14:00-04:00,144.66000366210938,144.86000061035156,144.66000366210938,144.78770446777344,462722,0.0,0.0
2025-06-18 15:15:00-04:00,144.7899932861328,144.7949981689453,144.6300048828125,144.6988067626953,370594,0.0,0.0
2025-06-18 15:16:00-04:00,144.69500732421875,144.7165069580078,144.4149932861328,144.60000610351562,449288,0.0,0.0
2025-06-18 15:17:00-04:00,144.61000061035156,144.69000244140625,144.47000122070312,144.47000122070312,452814,0.0,0.0
2025-06-18 15:18:00-04:00,144.47000122070312,144.5850067138672,144.46499633789062,144.55999755859375,240133,0.0,0.0
2025-06-18 15:19:00-04:00,144.56480407714844,144.6699981689453,144.48500061035156,144.63999938964844,273019,0.0,0.0
2025-06-18 15:20:00-04:00,144.639892578125,144.71499633789062,144.60000610351562,144.71009826660156,203668,0.0,0.0
2025-06-18 15:21:00-04:00,144.72000122070312,144.72000122070312,144.63009643554688,144.6750030517578,225189,0.0,0.0
2025-06-18 15:22:00-04:00,144.6699981689453,144.7550048828125,144.64999389648438,144.74000549316406,271281,0.0,0.0
2025-06-18 15:23:00-04:00,144.75,144.83999633789062,144.74000549316406,144.80499267578125,313301,0.0,0.0
2025-06-18 15:24:00-04:00,144.8000946044922,144.85000610351562,144.73500061035156,144.7449951171875,208995,0.0,0.0
2025-06-18 15:25:00-04:00,144.74000549316406,144.77499389648438,144.64169311523438,144.73500061035156,303267,0.0,0.0
2025-06-18 15:26:00-04:00,144.73500061035156,144.7512969970703,144.60499572753906,144.63499450683594,268692,0.0,0.0
2025-06-18 15:27:00-04:00,144.6300048828125,144.64999389648438,144.47000122070312,144.47999572753906,319234,0.0,0.0
2025-06-18 15:28:00-04:00,144.47000122070312,144.47000122070312,144.25,144.2779998779297,492448,0.0,0.0
2025-06-18 15:29:00-04:00,144.27000427246094,144.2949981689453,144.16000366210938,144.17990112304688,291690,0.0,0.0
2025-06-18 15:30:00-04:00,144.1699981689453,144.3498992919922,144.0800018310547,144.32000732421875,558635,0.0,0.0
2025-06-18 15:31:00-04:00,144.32000732421875,144.4149932861328,144.29299926757812,144.41000366210938,332031,0.0,0.0
2025-06-18 15:32:00-04:00,144.41000366210938,144.4250030517578,144.3300018310547,144.37989807128906,280768,0.0,0.0
2025-06-18 15:33:00-04:00,144.3800048828125,144.47999572753906,144.3717041015625,144.4550018310547,244421,0.0,0.0
2025-06-18 15:34:00-04:00,144.4600067138672,144.47000122070312,144.38499450683594,144.4499969482422,190592,0.0,0.0
2025-06-18 15:35:00-04:00,144.44000244140625,144.49000549316406,144.36000061035156,144.4897003173828,239535,0.0,0.0
2025-06-18 15:36:00-04:00,144.49000549316406,144.5800018310547,144.48460388183594,144.55499267578125,325955,0.0,0.0
2025-06-18 15:37:00-04:00,144.55999755859375,144.7949981689453,144.55999755859375,144.78500366210938,467035,0.0,0.0
2025-06-18 15:38:00-04:00,144.78179931640625,144.8000030517578,144.63999938964844,144.77000427246094,458229,0.0,0.0
2025-06-18 15:39:00-04:00,144.77000427246094,144.80999755859375,144.72000122070312,144.8007049560547,482897,0.0,0.0
2025-06-18 15:40:00-04:00,144.7949981689453,144.86000061035156,144.74000549316406,144.85479736328125,384758,0.0,0.0
2025-06-18 15:41:00-04:00,144.85499572753906,144.97500610351562,144.8300018310547,144.97500610351562,480810,0.0,0.0
2025-06-18 15:42:00-04:00,144.97340393066406,144.97500610351562,144.67999267578125,144.83999633789062,631520,0.0,0.0
2025-06-18 15:43:00-04:00,144.83859252929688,144.97999572753906,144.82000732421875,144.96499633789062,379200,0.0,0.0
2025-06-18 15:44:00-04:00,144.97000122070312,145.0,144.9416046142578,144.99000549316406,549816,0.0,0.0
2025-06-18 15:45:00-04:00,144.9949951171875,145.0,144.8699951171875,144.9149932861328,802057,0.0,0.0
2025-06-18 15:46:00-04:00,144.91000366210938,144.94000244140625,144.82000732421875,144.91000366210938,411247,0.0,0.0
2025-06-18 15:47:00-04:00,144.90499877929688,144.97000122070312,144.875,144.9250030517578,353485,0.0,0.0
2025-06-18 15:48:00-04:00,144.92999267578125,144.99000549316406,144.8800048828125,144.98500061035156,330955,0.0,0.0
2025-06-18 15:49:00-04:00,144.97999572753906,145.0449981689453,144.92010498046875,145.0449981689453,581342,0.0,0.0
2025-06-18 15:50:00-04:00,145.02999877929688,145.60000610351562,144.99000549316406,145.39129638671875,2895534,0.0,0.0
2025-06-18 15:51:00-04:00,145.39500427246094,145.39500427246094,145.23280334472656,145.2899932861328,875502,0.0,0.0
2025-06-18 15:52:00-04:00,145.27999877929688,145.4600067138672,145.210205078125,145.38999938964844,853072,0.0,0.0
2025-06-18 15:53:00-04:00,145.38999938964844,145.47999572753906,145.35499572753906,145.4600067138672,711691,0.0,0.0
2025-06-18 15:54:00-04:00,145.4600067138672,145.52000427246094,145.36000061035156,145.41000366210938,1318393,0.0,0.0
2025-06-18 15:55:00-04:00,145.4149932861328,145.60000610351562,145.1699981689453,145.38999938964844,1725391,0.0,0.0
2025-06-18 15:56:00-04:00,145.3800048828125,145.50999450683594,145.3300018310547,145.47000122070312,1186418,0.0,0.0
2025-06-18 15:57:00-04:00,145.47000122070312,145.49850463867188,145.3800048828125,145.4250030517578,1245322,0.0,0.0
2025-06-18 15:58:00-04:00,145.42999267578125,145.46800231933594,145.3347930908203,145.37010192871094,1404397,0.0,0.0
2025-06-18 15:59:00-04:00,145.3800048828125,145.5,145.27999877929688,145.47000122070312,3349178,0.0,0.0
2025-06-20 09:30:00-04:00,145.43499755859375,145.99000549316406,145.30999755859375,145.97999572753906,26466245,0.0,0.0
2025-06-20 09:31:00-04:00,145.97999572753906,146.1999969482422,145.25,145.4167022705078,2799047,0.0,0.0
2025-06-20 09:32:00-04:00,145.41000366210938,145.67999267578125,145.14500427246094,145.33990478515625,1140117,0.0,0.0
2025-06-20 09:33:00-04:00,145.33970642089844,145.3686981201172,144.9600067138672,145.24000549316406,1218779,0.0,0.0
2025-06-20 09:34:00-04:00,145.24000549316406,145.52000427246094,145.16009521484375,145.38999938964844,916395,0.0,0.0
2025-06-20 09:35:00-04:00,145.39500427246094,145.88999938964844,145.39500427246094,145.88999938964844,1347212,0.0,0.0
2025-06-20 09:36:00-04:00,145.89999389648438,146.11000061035156,145.78500366210938,145.8699951171875,1464605,0.0,0.0
2025-06-20 09:37:00-04:00,145.875,146.02499389648438,145.84500122070312,145.86000061035156,726150,0.0,0.0
2025-06-20 09:38:00-04:00,145.85000610351562,145.91000366210938,145.52000427246094,145.56500244140625,643714,0.0,0.0
2025-06-20 09:39:00-04:00,145.55999755859375,145.75999450683594,145.4499969482422,145.7550048828125,766176,0.0,0.0
2025-06-20 09:40:00-04:00,145.7550048828125,145.85000610351562,145.6199951171875,145.6750030517578,698437,0.0,0.0
2025-06-20 09:41:00-04:00,145.67739868164062,145.85000610351562,145.6300048828125,145.72999572753906,516859,0.0,0.0
2025-06-20 09:42:00-04:00,145.73500061035156,145.75999450683594,145.5800018310547,145.69009399414062,571996,0.0,0.0
2025-06-20 09:43:00-04:00,145.69000244140625,145.80999755859375,145.49000549316406,145.5699005126953,609741,0.0,0.0
2025-06-20 09:44:00-04:00,145.5751953125,145.875,145.54859924316406,145.72500610351562,686486,0.0,0.0
2025-06-20 09:45:00-04:00,145.72999572753906,145.97000122070312,145.72999572753906,145.93479919433594,812114,0.0,0.0
2025-06-20 09:46:00-04:00,145.93479919433594,146.13999938964844,145.72999572753906,145.99989318847656,1295809,0.0,0.0
2025-06-20 09:47:00-04:00,146.0,146.13499450683594,145.8800048828125,145.99009704589844,606733,0.0,0.0
2025-06-20 09:48:00-04:00,145.9949951171875,146.10000610351562,145.80999755859375,145.8699951171875,588353,0.0,0.0
2025-06-20 09:49:00-04:00,145.85000610351562,145.9600067138672,145.77999877929688,145.9199981689453,404419,0.0,0.0
2025-06-20 09:50:00-04:00,145.9149932861328,146.0198974609375,145.85000610351562,145.9425048828125,429148,0.0,0.0
2025-06-20 09:51:00-04:00,145.95480346679688,145.95480346679688,145.86000061035156,145.88670349121094,305801,0.0,0.0
2025-06-20 09:52:00-04:00,145.7899932861328,145.88499450683594,145.67999267578125,145.80499267578125,635986,0.0,0.0
2025-06-20 09:53:00-04:00,145.8000946044922,145.80999755859375,145.47999572753906,145.61000061035156,788514,0.0,0.0
2025-06-20 09:54:00-04:00,145.59500122070312,145.70989990234375,145.5399932861328,145.58999633789062,514934,0.0,0.0
2025-06-20 09:55:00-04:00,145.60000610351562,145.60000610351562,145.39999389648438,145.41000366210938,603401,0.0,0.0
2025-06-20 09:56:00-04:00,145.40499877929688,145.47869873046875,145.30999755859375,145.44500732421875,653942,0.0,0.0
2025-06-20 09:57:00-04:00,145.44500732421875,145.78500366210938,145.3800048828125,145.75,705377,0.0,0.0
2025-06-20 09:58:00-04:00,145.74989318847656,145.77999877929688,145.66000366210938,145.70880126953125,331121,0.0,0.0
2025-06-20 09:59:00-04:00,145.7050018310547,145.72000122070312,145.57000732421875,145.6750030517578,427716,0.0,0.0
2025-06-20 10:00:00-04:00,145.6699981689453,145.75,145.4550018310547,145.57000732421875,1376574,0.0,0.0
2025-06-20 10:01:00-04:00,145.5699005126953,145.6199951171875,145.41000366210938,145.4550018310547,598427,0.0,0.0
2025-06-20 10:02:00-04:00,145.4499969482422,145.5388946533203,145.33999633789062,145.4510040283203,700453,0.0,0.0
2025-06-20 10:03:00-04:00,145.4550018310547,145.4698944091797,145.3000030517578,145.3249969482422,529079,0.0,0.0
2025-06-20 10:04:00-04:00,145.31500244140625,145.41000366210938,145.2100067138672,145.41000366210938,655557,0.0,0.0
2025-06-20 10:05:00-04:00,145.4199981689453,145.66000366210938,145.41990661621094,145.55520629882812,506507,0.0,0.0
2025-06-20 10:06:00-04:00,145.55499267578125,145.67999267578125,145.42999267578125,145.5800018310547,543869,0.0,0.0
2025-06-20 10:07:00-04:00,145.58990478515625,145.6510009765625,145.4949951171875,145.5749969482422,478254,0.0,0.0
2025-06-20 10:08:00-04:00,145.572998046875,145.6300048828125,145.47000122070312,145.5500030517578,480202,0.0,0.0
2025-06-20 10:09:00-04:00,145.5500030517578,145.56500244140625,145.47999572753906,145.5487060546875,370989,0.0,0.0
2025-06-20 10:10:00-04:00,145.5399932861328,145.5850067138672,145.40330505371094,145.41000366210938,343122,0.0,0.0
2025-06-20 10:11:00-04:00,145.40359497070312,145.4499969482422,145.28179931640625,145.31500244140625,526649,0.0,0.0
2025-06-20 10:12:00-04:00,145.31500244140625,145.41000366210938,145.24000549316406,145.3699951171875,449245,0.0,0.0
2025-06-20 10:13:00-04:00,145.3699951171875,145.44000244140625,145.22000122070312,145.39500427246094,446998,0.0,0.0
2025-06-20 10:14:00-04:00,145.39999389648438,145.4600067138672,145.3300018310547,145.4250030517578,292151,0.0,0.0
2025-06-20 10:15:00-04:00,145.4250030517578,145.51499938964844,145.30499267578125,145.38999938964844,455953,0.0,0.0
2025-06-20 10:16:00-04:00,145.39999389648438,145.39999389648438,145.0970001220703,145.17860412597656,749725,0.0,0.0
2025-06-20 10:17:00-04:00,145.17889404296875,145.1999969482422,145.02000427246094,145.17999267578125,561841,0.0,0.0
2025-06-20 10:18:00-04:00,145.1855010986328,145.31500244140625,145.1199951171875,145.27000427246094,494813,0.0,0.0
2025-06-20 10:19:00-04:00,145.26499938964844,145.3000030517578,145.22000122070312,145.25999450683594,286679,0.0,0.0
2025-06-20 10:20:00-04:00,145.25,145.2550048828125,145.10049438476562,145.17999267578125,454137,0.0,0.0
2025-06-20 10:21:00-04:00,145.18829345703125,145.22999572753906,144.9199981689453,144.96009826660156,872882,0.0,0.0
2025-06-20 10:22:00-04:00,144.97000122070312,144.97000122070312,144.67999267578125,144.75010681152344,846311,0.0,0.0
2025-06-20 10:23:00-04:00,144.75999450683594,144.8000030517578,144.50999450683594,144.57000732421875,756768,0.0,0.0
2025-06-20 10:24:00-04:00,144.57000732421875,144.57000732421875,144.32000732421875,144.36990356445312,857083,0.0,0.0
2025-06-20 10:25:00-04:00,144.35000610351562,144.38999938964844,144.10000610351562,144.36000061035156,881152,0.0,0.0
2025-06-20 10:26:00-04:00,144.35499572753906,144.47999572753906,144.22999572753906,144.42999267578125,854956,0.0,0.0
2025-06-20 10:27:00-04:00,144.42999267578125,144.57000732421875,144.3699951171875,144.4949951171875,635273,0.0,0.0
2025-06-20 10:28:00-04:00,144.5,144.67999267578125,144.4687957763672,144.67019653320312,559610,0.0,0.0
2025-06-20 10:29:00-04:00,144.6699981689453,144.7449951171875,144.59500122070312,144.625,543411,0.0,0.0
2025-06-20 10:30:00-04:00,144.6300048828125,144.6300048828125,144.47999572753906,144.50999450683594,413399,0.0,0.0
2025-06-20 10:31:00-04:00,144.5052032470703,144.6999969482422,144.48500061035156,144.67999267578125,389824,0.0,0.0
2025-06-20 10:32:00-04:00,144.6800994873047,144.8000030517578,144.625,144.72999572753906,417251,0.0,0.0
2025-06-20 10:33:00-04:00,144.72999572753906,144.82000732421875,144.67999267578125,144.79010009765625,346086,0.0,0.0
2025-06-20 10:34:00-04:00,144.79989624023438,144.83799743652344,144.6300048828125,144.6748046875,391394,0.0,0.0
2025-06-20 10:35:00-04:00,144.67999267578125,144.80999755859375,144.6300048828125,144.80999755859375,243793,0.0,0.0
2025-06-20 10:36:00-04:00,144.80999755859375,144.88099670410156,144.72000122070312,144.85499572753906,346247,0.0,0.0
2025-06-20 10:37:00-04:00,144.84500122070312,144.9499969482422,144.82000732421875,144.89500427246094,305497,0.0,0.0
2025-06-20 10:38:00-04:00,144.89500427246094,144.97999572753906,144.88479614257812,144.97000122070312,280645,0.0,0.0
2025-06-20 10:39:00-04:00,144.9600067138672,145.02999877929688,144.89999389648438,144.90069580078125,402758,0.0,0.0
2025-06-20 10:40:00-04:00,144.89999389648438,144.97000122070312,144.57000732421875,144.61000061035156,687588,0.0,0.0
2025-06-20 10:41:00-04:00,144.60000610351562,144.75990295410156,144.4615020751953,144.49159240722656,682577,0.0,0.0
2025-06-20 10:42:00-04:00,144.5,144.5,144.08999633789062,144.17999267578125,900756,0.0,0.0
2025-06-20 10:43:00-04:00,144.18820190429688,144.25999450683594,144.07000732421875,144.21499633789062,520894,0.0,0.0
2025-06-20 10:44:00-04:00,144.2100067138672,144.22999572753906,143.7899932861328,143.9199981689453,1373943,0.0,0.0
2025-06-20 10:45:00-04:00,143.9199981689453,143.9199981689453,143.69000244140625,143.73989868164062,670093,0.0,0.0
2025-06-20 10:46:00-04:00,143.72999572753906,143.7449951171875,143.4600067138672,143.5749969482422,960543,0.0,0.0
2025-06-20 10:47:00-04:00,143.5800018310547,143.8000030517578,143.5500030517578,143.6199951171875,659495,0.0,0.0
2025-06-20 10:48:00-04:00,143.61000061035156,143.63099670410156,143.42999267578125,143.60499572753906,707795,0.0,0.0
2025-06-20 10:49:00-04:00,143.59500122070312,143.7100067138672,143.52000427246094,143.5800018310547,521006,0.0,0.0
2025-06-20 10:50:00-04:00,143.55999755859375,143.57000732421875,143.3699951171875,143.40859985351562,731020,0.0,0.0
2025-06-20 10:51:00-04:00,143.38999938964844,143.39999389648438,143.13499450683594,143.3000030517578,987471,0.0,0.0
2025-06-20 10:52:00-04:00,143.3000030517578,143.4199981689453,143.22479248046875,143.2449951171875,650036,0.0,0.0
2025-06-20 10:53:00-04:00,143.2449951171875,143.2449951171875,142.94000244140625,143.00010681152344,1229669,0.0,0.0
2025-06-20 10:54:00-04:00,143.0050048828125,143.02000427246094,142.7100067138672,142.86500549316406,869139,0.0,0.0
2025-06-20 10:55:00-04:00,142.85009765625,143.10000610351562,142.7949981689453,143.02000427246094,693295,0.0,0.0
2025-06-20 10:56:00-04:00,143.0200958251953,143.1999969482422,142.97999572753906,143.02499389648438,721417,0.0,0.0
2025-06-20 10:57:00-04:00,143.02000427246094,143.2449951171875,142.9499969482422,143.2301025390625,592729,0.0,0.0
2025-06-20 10:58:00-04:00,143.23989868164062,143.49000549316406,143.22000122070312,143.27000427246094,956574,0.0,0.0
2025-06-20 10:59:00-04:00,143.27000427246094,143.3000030517578,143.0800018310547,143.148193359375,424080,0.0,0.0
2025-06-20 11:00:00-04:00,143.13999938964844,143.13999938964844,142.75999450683594,142.82899475097656,861808,0.0,0.0
2025-06-20 11:01:00-04:00,142.8249969482422,142.93499755859375,142.64999389648438,142.88009643554688,682405,0.0,0.0
2025-06-20 11:02:00-04:00,142.87460327148438,142.9550018310547,142.76499938964844,142.875,475921,0.0,0.0
2025-06-20 11:03:00-04:00,142.87989807128906,143.02000427246094,142.80999755859375,142.86880493164062,366424,0.0,0.0
2025-06-20 11:04:00-04:00,142.86500549316406,142.94000244140625,142.75,142.86500549316406,406181,0.0,0.0
2025-06-20 11:05:00-04:00,142.86000061035156,143.3300018310547,142.7801055908203,143.30880737304688,703727,0.0,0.0
2025-06-20 11:06:00-04:00,143.30880737304688,143.33999633789062,143.1284942626953,143.1999969482422,447404,0.0,0.0
2025-06-20 11:07:00-04:00,143.2050018310547,143.3699951171875,143.10499572753906,143.36500549316406,302823,0.0,0.0
2025-06-20 11:08:00-04:00,143.36500549316406,143.3800048828125,143.27000427246094,143.3321075439453,294130,0.0,0.0
2025-06-20 11:09:00-04:00,143.33009338378906,143.4600067138672,143.3000030517578,143.4199981689453,432463,0.0,0.0
2025-06-20 11:10:00-04:00,143.41000366210938,143.5800018310547,143.35000610351562,143.5198974609375,525667,0.0,0.0
2025-06-20 11:11:00-04:00,143.5198974609375,143.67999267578125,143.39999389648438,143.63499450683594,556918,0.0,0.0
2025-06-20 11:12:00-04:00,143.6300048828125,143.69000244140625,143.58999633789062,143.625,467297,0.0,0.0
2025-06-20 11:13:00-04:00,143.6248016357422,143.72000122070312,143.5850067138672,143.6750030517578,393231,0.0,0.0
2025-06-20 11:14:00-04:00,143.67999267578125,143.8699951171875,143.61000061035156,143.84500122070312,458389,0.0,0.0
2025-06-20 11:15:00-04:00,143.83999633789062,143.9152069091797,143.77999877929688,143.875,476864,0.0,0.0
2025-06-20 11:16:00-04:00,143.8800048828125,144.0198974609375,143.87669372558594,143.90499877929688,418718,0.0,0.0
2025-06-20 11:17:00-04:00,143.81190490722656,143.8800048828125,143.80999755859375,143.87449645996094,646393,0.0,0.0
2025-06-20 11:18:00-04:00,143.92999267578125,143.95579528808594,143.89500427246094,143.93519592285156,246077,0.0,0.0
2025-06-20 11:20:00-04:00,143.9250030517578,143.99000549316406,143.77000427246094,143.8000030517578,705665,0.0,0.0
2025-06-20 11:21:00-04:00,143.7949981689453,143.8249969482422,143.78500366210938,143.81500244140625,25655,0.0,0.0
2025-06-20 11:22:00-04:00,143.8000030517578,143.89500427246094,143.78500366210938,143.822998046875,508045,0.0,0.0
2025-06-20 11:23:00-04:00,143.82009887695312,143.88999938964844,143.80499267578125,143.88009643554688,155895,0.0,0.0
2025-06-20 11:24:00-04:00,143.86000061035156,143.8686981201172,143.8300018310547,143.83999633789062,438234,0.0,0.0
2025-06-20 11:25:00-04:00,143.8300018310547,143.94500732421875,143.8249969482422,143.90890502929688,189987,0.0,0.0
2025-06-20 11:27:00-04:00,144.0500030517578,144.07009887695312,144.00999450683594,144.0384979248047,613515,0.0,0.0
2025-06-20 11:28:00-04:00,144.03860473632812,144.0449981689453,144.0050048828125,144.02000427246094,64868,0.0,0.0
2025-06-20 11:29:00-04:00,143.90499877929688,143.91000366210938,143.83009338378906,143.89990234375,567068,0.0,0.0
2025-06-20 11:30:00-04:00,143.8780059814453,143.94000244140625,143.86000061035156,143.91299438476562,272530,0.0,0.0
2025-06-20 11:31:00-04:00,143.9149932861328,144.0800018310547,143.91000366210938,144.0749969482422,246996,0.0,0.0
2025-06-20 11:33:00-04:00,144.1999969482422,144.3000030517578,144.1999053955078,144.27479553222656,968686,0.0,0.0
2025-06-20 11:34:00-04:00,144.27450561523438,144.33999633789062,144.25,144.27999877929688,2722266,0.0,0.0
2025-06-20 11:35:00-04:00,144.27499389648438,144.39999389648438,144.2512969970703,144.31539916992188,370265,0.0,0.0
2025-06-20 11:36:00-04:00,144.34010314941406,144.34010314941406,144.3300018310547,144.33009338378906,428917,0.0,0.0
2025-06-20 11:37:00-04:00,144.33999633789062,144.39999389648438,144.24000549316406,144.26480102539062,295374,0.0,0.0
2025-06-20 11:38:00-04:00,144.25999450683594,144.3699951171875,144.25999450683594,144.30999755859375,205277,0.0,0.0
2025-06-20 11:39:00-04:00,144.31480407714844,144.43479919433594,144.2899932861328,144.4199981689453,2792105,0.0,0.0
2025-06-20 11:40:00-04:00,144.41329956054688,144.47000122070312,144.30999755859375,144.35499572753906,267320,0.0,0.0
2025-06-20 11:41:00-04:00,144.3538055419922,144.3699951171875,144.2899932861328,144.32330322265625,90599,0.0,0.0
2025-06-20 11:42:00-04:00,144.17010498046875,144.17010498046875,144.125,144.16000366210938,473961,0.0,0.0
2025-06-20 11:43:00-04:00,144.2100067138672,144.25,144.16000366210938,144.19000244140625,343738,0.0,0.0
2025-06-20 11:44:00-04:00,144.19009399414062,144.22000122070312,144.18499755859375,144.2100067138672,38634,0.0,0.0
2025-06-20 11:46:00-04:00,144.2052001953125,144.2075958251953,144.17990112304688,144.1999053955078,571351,0.0,0.0
2025-06-20 11:47:00-04:00,144.1999969482422,144.3000030517578,144.16000366210938,144.27499389648438,195598,0.0,0.0
2025-06-20 11:48:00-04:00,144.27000427246094,144.2899932861328,144.14999389648438,144.1699981689453,227463,0.0,0.0
2025-06-20 11:50:00-04:00,144.13499450683594,144.16000366210938,144.125,144.15499877929688,691559,0.0,0.0
2025-06-20 11:51:00-04:00,144.15499877929688,144.21499633789062,144.1199951171875,144.1199951171875,265279,0.0,0.0
2025-06-20 11:52:00-04:00,144.1199951171875,144.3000030517578,144.11000061035156,144.14500427246094,360975,0.0,0.0
2025-06-20 11:53:00-04:00,144.14999389648438,144.15989685058594,144.0,144.03219604492188,427275,0.0,0.0
2025-06-20 11:54:00-04:00,144.02999877929688,144.0800018310547,143.8350067138672,143.8404998779297,531950,0.0,0.0
2025-06-20 11:55:00-04:00,143.85499572753906,143.88999938964844,143.80999755859375,143.875,367851,0.0,0.0
2025-06-20 11:56:00-04:00,143.86500549316406,143.89999389648438,143.7205047607422,143.8699951171875,367780,0.0,0.0
2025-06-20 11:57:00-04:00,143.86500549316406,143.8800048828125,143.7489013671875,143.7949981689453,237433,0.0,0.0
2025-06-20 11:58:00-04:00,143.7949981689453,143.7949981689453,143.6999969482422,143.75,260219,0.0,0.0
2025-06-20 11:59:00-04:00,143.7449951171875,143.85000610351562,143.67999267578125,143.82000732421875,302897,0.0,0.0
2025-06-20 12:00:00-04:00,143.80999755859375,144.00999450683594,143.7899932861328,143.89500427246094,404061,0.0,0.0
2025-06-20 12:01:00-04:00,143.89500427246094,143.94000244140625,143.80499267578125,143.8177947998047,209243,0.0,0.0
2025-06-20 12:02:00-04:00,143.80999755859375,144.0198974609375,143.8000030517578,143.9700927734375,423325,0.0,0.0
2025-06-20 12:03:00-04:00,143.97500610351562,144.0,143.90460205078125,143.94500732421875,815275,0.0,0.0
2025-06-20 12:04:00-04:00,143.94869995117188,143.97869873046875,143.86000061035156,143.92999267578125,253323,0.0,0.0
2025-06-20 12:05:00-04:00,143.9199981689453,144.12869262695312,143.9149932861328,144.0998992919922,791394,0.0,0.0
2025-06-20 12:06:00-04:00,144.08999633789062,144.14500427246094,144.0050048828125,144.02999877929688,819326,0.0,0.0
2025-06-20 12:07:00-04:00,144.02999877929688,144.13999938964844,144.02000427246094,144.0988006591797,237825,0.0,0.0
2025-06-20 12:08:00-04:00,144.08999633789062,144.17520141601562,144.04190063476562,144.11160278320312,585567,0.0,0.0
2025-06-20 12:09:00-04:00,144.11000061035156,144.2335968017578,144.10989379882812,144.22030639648438,1252400,0.0,0.0
2025-06-20 12:10:00-04:00,144.22000122070312,144.22000122070312,144.13999938964844,144.17999267578125,252062,0.0,0.0
2025-06-20 12:11:00-04:00,144.17010498046875,144.3000030517578,144.17010498046875,144.28500366210938,259544,0.0,0.0
2025-06-20 12:12:00-04:00,144.27999877929688,144.30999755859375,144.12989807128906,144.1300048828125,256406,0.0,0.0
2025-06-20 12:13:00-04:00,144.13900756835938,144.1649932861328,144.01199340820312,144.0500030517578,282096,0.0,0.0
2025-06-20 12:14:00-04:00,144.04820251464844,144.05999755859375,143.98500061035156,144.035400390625,200686,0.0,0.0
2025-06-20 12:15:00-04:00,144.03500366210938,144.04840087890625,143.94000244140625,143.94009399414062,140767,0.0,0.0
2025-06-20 12:16:00-04:00,143.88499450683594,143.94000244140625,143.86000061035156,143.86500549316406,179424,0.0,0.0
2025-06-20 12:17:00-04:00,143.85499572753906,143.9499969482422,143.82000732421875,143.94500732421875,341338,0.0,0.0
2025-06-20 12:18:00-04:00,143.94000244140625,143.97500610351562,143.88999938964844,143.97000122070312,193138,0.0,0.0
2025-06-20 12:19:00-04:00,143.97500610351562,144.1199951171875,143.97000122070312,144.10000610351562,274041,0.0,0.0
2025-06-20 12:20:00-04:00,144.11000061035156,144.1300048828125,144.00010681152344,144.0052032470703,225354,0.0,0.0
2025-06-20 12:21:00-04:00,144.00750732421875,144.0500030517578,143.9250030517578,144.0052032470703,251404,0.0,0.0
2025-06-20 12:22:00-04:00,144.0050048828125,144.02969360351562,143.9199981689453,143.97500610351562,145885,0.0,0.0
2025-06-20 12:23:00-04:00,143.97500610351562,143.97500610351562,143.8000030517578,143.81539916992188,272518,0.0,0.0
2025-06-20 12:24:00-04:00,143.82000732421875,144.0,143.7949981689453,143.96009826660156,245286,0.0,0.0
2025-06-20 12:25:00-04:00,143.96299743652344,143.97000122070312,143.80999755859375,143.86500549316406,233458,0.0,0.0
2025-06-20 12:26:00-04:00,143.86000061035156,143.92999267578125,143.84500122070312,143.90480041503906,159038,0.0,0.0
2025-06-20 12:27:00-04:00,143.902099609375,144.05999755859375,143.8802032470703,144.01480102539062,228154,0.0,0.0
2025-06-20 12:28:00-04:00,144.02000427246094,144.02999877929688,143.92999267578125,143.94000244140625,178171,0.0,0.0
2025-06-20 12:29:00-04:00,143.94000244140625,144.0,143.90350341796875,143.9550018310547,113918,0.0,0.0
2025-06-20 12:30:00-04:00,143.9550018310547,144.08999633789062,143.9499969482422,144.04800415039062,171978,0.0,0.0
2025-06-20 12:31:00-04:00,144.0449981689453,144.1300048828125,144.00999450683594,144.10000610351562,871937,0.0,0.0
2025-06-20 12:32:00-04:00,144.09010314941406,144.14999389648438,144.0050048828125,144.01499938964844,201913,0.0,0.0
2025-06-20 12:33:00-04:00,144.01499938964844,144.0500030517578,143.97999572753906,144.04539489746094,114458,0.0,0.0
2025-06-20 12:34:00-04:00,144.0500030517578,144.11500549316406,144.0399932861328,144.0500030517578,1636501,0.0,0.0
2025-06-20 12:35:00-04:00,144.0500030517578,144.11000061035156,144.0,144.10000610351562,132714,0.0,0.0
2025-06-20 12:36:00-04:00,144.09500122070312,144.15499877929688,144.0749969482422,144.10000610351562,181438,0.0,0.0
2025-06-20 12:37:00-04:00,144.08999633789062,144.16000366210938,144.07000732421875,144.14010620117188,170186,0.0,0.0
2025-06-20 12:38:00-04:00,144.1387939453125,144.16000366210938,144.10499572753906,144.11630249023438,156146,0.0,0.0
2025-06-20 12:39:00-04:00,144.11500549316406,144.1699981689453,144.0500030517578,144.0500030517578,152950,0.0,0.0
2025-06-20 12:40:00-04:00,144.05999755859375,144.0800018310547,144.00999450683594,144.0500030517578,133098,0.0,0.0
2025-06-20 12:41:00-04:00,144.05419921875,144.10009765625,143.97000122070312,144.02999877929688,223149,0.0,0.0
2025-06-20 12:42:00-04:00,144.03750610351562,144.10000610351562,143.99009704589844,144.02000427246094,220787,0.0,0.0
2025-06-20 12:43:00-04:00,144.02999877929688,144.1199951171875,143.98500061035156,144.11000061035156,219290,0.0,0.0
2025-06-20 12:44:00-04:00,144.1199951171875,144.2198944091797,144.0800018310547,144.19859313964844,229039,0.0,0.0
2025-06-20 12:45:00-04:00,144.19500732421875,144.29800415039062,144.1300048828125,144.2949981689453,265003,0.0,0.0
2025-06-20 12:46:00-04:00,144.2949981689453,144.33999633789062,144.22000122070312,144.23500061035156,213010,0.0,0.0
2025-06-20 12:47:00-04:00,144.24000549316406,144.24000549316406,144.07000732421875,144.0800018310547,192887,0.0,0.0
2025-06-20 12:48:00-04:00,144.07989501953125,144.10000610351562,143.97999572753906,144.02000427246094,252111,0.0,0.0
2025-06-20 12:49:00-04:00,144.0200958251953,144.1199951171875,144.00999450683594,144.07000732421875,174428,0.0,0.0
2025-06-20 12:50:00-04:00,144.0800018310547,144.16000366210938,144.0399932861328,144.11500549316406,133813,0.0,0.0
2025-06-20 12:51:00-04:00,144.11000061035156,144.139892578125,144.0030059814453,144.0399932861328,2913161,0.0,0.0
2025-06-20 12:52:00-04:00,144.0399932861328,144.08999633789062,144.02999877929688,144.04879760742188,84995,0.0,0.0
2025-06-20 12:53:00-04:00,144.0399932861328,144.13999938964844,143.99000549316406,144.1300048828125,194711,0.0,0.0
2025-06-20 12:54:00-04:00,144.13360595703125,144.22999572753906,144.1300048828125,144.19000244140625,216823,0.0,0.0
2025-06-20 12:55:00-04:00,144.19500732421875,144.24000549316406,144.1750030517578,144.19500732421875,155190,0.0,0.0
2025-06-20 12:56:00-04:00,144.1999969482422,144.22999572753906,144.1699981689453,144.18499755859375,420320,0.0,0.0
2025-06-20 12:57:00-04:00,144.18499755859375,144.23989868164062,144.1699981689453,144.22000122070312,150617,0.0,0.0
2025-06-20 12:58:00-04:00,144.21499633789062,144.27499389648438,144.1699981689453,144.19500732421875,227087,0.0,0.0
2025-06-20 12:59:00-04:00,144.19520568847656,144.24000549316406,144.0399932861328,144.14999389648438,387617,0.0,0.0
2025-06-20 13:00:00-04:00,144.14019775390625,144.22000122070312,144.07000732421875,144.2100067138672,250945,0.0,0.0
2025-06-20 13:01:00-04:00,144.1999969482422,144.28990173339844,144.18089294433594,144.22000122070312,209054,0.0,0.0
2025-06-20 13:02:00-04:00,144.22000122070312,144.22999572753906,144.1199951171875,144.125,143405,0.0,0.0
2025-06-20 13:03:00-04:00,144.1300048828125,144.148193359375,144.07879638671875,144.10000610351562,165924,0.0,0.0
2025-06-20 13:04:00-04:00,144.10000610351562,144.1199951171875,143.99000549316406,143.99000549316406,209541,0.0,0.0
2025-06-20 13:05:00-04:00,143.99000549316406,143.99839782714844,143.82000732421875,143.8383026123047,439572,0.0,0.0
2025-06-20 13:06:00-04:00,143.8397979736328,143.8800048828125,143.7899932861328,143.85499572753906,202717,0.0,0.0
2025-06-20 13:07:00-04:00,143.85000610351562,143.92999267578125,143.83099365234375,143.86669921875,187372,0.0,0.0
2025-06-20 13:08:00-04:00,143.8612060546875,143.94740295410156,143.85000610351562,143.94000244140625,136963,0.0,0.0
2025-06-20 13:09:00-04:00,143.94000244140625,143.97000122070312,143.89500427246094,143.9051971435547,120078,0.0,0.0
2025-06-20 13:10:00-04:00,143.9029998779297,143.92999267578125,143.8300018310547,143.91839599609375,215215,0.0,0.0
2025-06-20 13:11:00-04:00,143.914794921875,143.9499969482422,143.88099670410156,143.94000244140625,130074,0.0,0.0
2025-06-20 13:12:00-04:00,143.92010498046875,144.09500122070312,143.92010498046875,144.0850067138672,259775,0.0,0.0
2025-06-20 13:13:00-04:00,144.08999633789062,144.14999389648438,144.05999755859375,144.1199951171875,262952,0.0,0.0
2025-06-20 13:14:00-04:00,144.1199951171875,144.19000244140625,144.11000061035156,144.14010620117188,225458,0.0,0.0
2025-06-20 13:15:00-04:00,144.13999938964844,144.30999755859375,144.1300048828125,144.2086944580078,430975,0.0,0.0
2025-06-20 13:16:00-04:00,144.2030029296875,144.23519897460938,144.11000061035156,144.16000366210938,253061,0.0,0.0
2025-06-20 13:17:00-04:00,144.14999389648438,144.16000366210938,144.00999450683594,144.05499267578125,272727,0.0,0.0
2025-06-20 13:18:00-04:00,144.0500030517578,144.05999755859375,143.9600067138672,143.98500061035156,167053,0.0,0.0
2025-06-20 13:19:00-04:00,143.97999572753906,144.0399932861328,143.94000244140625,143.98699951171875,165783,0.0,0.0
2025-06-20 13:20:00-04:00,143.97500610351562,144.0399932861328,143.93499755859375,143.9875946044922,144996,0.0,0.0
2025-06-20 13:21:00-04:00,143.97999572753906,143.99989318847656,143.9320068359375,143.97500610351562,144637,0.0,0.0
2025-06-20 13:22:00-04:00,143.97000122070312,144.02999877929688,143.9613037109375,144.01499938964844,81720,0.0,0.0
2025-06-20 13:23:00-04:00,144.00999450683594,144.00999450683594,143.89999389648438,143.9250030517578,240017,0.0,0.0
2025-06-20 13:24:00-04:00,143.9199981689453,143.9600067138672,143.88189697265625,143.89999389648438,181985,0.0,0.0
2025-06-20 13:25:00-04:00,143.89999389648438,143.94000244140625,143.86500549316406,143.90859985351562,174775,0.0,0.0
2025-06-20 13:26:00-04:00,143.89869689941406,143.90499877929688,143.7729949951172,143.82989501953125,283743,0.0,0.0
2025-06-20 13:27:00-04:00,143.82839965820312,143.8350067138672,143.59500122070312,143.61500549316406,435761,0.0,0.0
2025-06-20 13:28:00-04:00,143.61000061035156,143.63819885253906,143.452392578125,143.5399932861328,506089,0.0,0.0
2025-06-20 13:29:00-04:00,143.53500366210938,143.58999633789062,143.4783935546875,143.48500061035156,227607,0.0,0.0
2025-06-20 13:30:00-04:00,143.49000549316406,143.49000549316406,143.33999633789062,143.44000244140625,298102,0.0,0.0
2025-06-20 13:31:00-04:00,143.43499755859375,143.5,143.32789611816406,143.46009826660156,211515,0.0,0.0
2025-06-20 13:32:00-04:00,143.4600067138672,143.47000122070312,143.38999938964844,143.45480346679688,166408,0.0,0.0
2025-06-20 13:33:00-04:00,143.4550018310547,143.49000549316406,143.36500549316406,143.44000244140625,210653,0.0,0.0
2025-06-20 13:34:00-04:00,143.43499755859375,143.55999755859375,143.414794921875,143.5299072265625,244908,0.0,0.0
2025-06-20 13:35:00-04:00,143.52999877929688,143.60000610351562,143.47000122070312,143.47860717773438,205636,0.0,0.0
2025-06-20 13:36:00-04:00,143.47500610351562,143.48500061035156,143.36000061035156,143.4499969482422,263802,0.0,0.0
2025-06-20 13:37:00-04:00,143.44500732421875,143.44500732421875,143.3000030517578,143.39990234375,303630,0.0,0.0
2025-06-20 13:38:00-04:00,143.39649963378906,143.39649963378906,143.27000427246094,143.27499389648438,240626,0.0,0.0
2025-06-20 13:39:00-04:00,143.27520751953125,143.33999633789062,143.22000122070312,143.30990600585938,267524,0.0,0.0
2025-06-20 13:40:00-04:00,143.30499267578125,143.42999267578125,143.2949981689453,143.39520263671875,236995,0.0,0.0
2025-06-20 13:41:00-04:00,143.39500427246094,143.4949951171875,143.36000061035156,143.49000549316406,210784,0.0,0.0
2025-06-20 13:42:00-04:00,143.48500061035156,143.67999267578125,143.47999572753906,143.625,285876,0.0,0.0
2025-06-20 13:43:00-04:00,143.6300048828125,143.72999572753906,143.61000061035156,143.7050018310547,185504,0.0,0.0
2025-06-20 13:44:00-04:00,143.70480346679688,143.75,143.5500030517578,143.5601043701172,241679,0.0,0.0
2025-06-20 13:45:00-04:00,143.55999755859375,143.6649932861328,143.5449981689453,143.57000732421875,206603,0.0,0.0
2025-06-20 13:46:00-04:00,143.55999755859375,143.6649932861328,143.55999755859375,143.60000610351562,125855,0.0,0.0
2025-06-20 13:47:00-04:00,143.60499572753906,143.64999389648438,143.54200744628906,143.58999633789062,127770,0.0,0.0
2025-06-20 13:48:00-04:00,143.58009338378906,143.6199951171875,143.52999877929688,143.5749969482422,193467,0.0,0.0
2025-06-20 13:49:00-04:00,143.57000732421875,143.6085968017578,143.4949951171875,143.59019470214844,177131,0.0,0.0
2025-06-20 13:50:00-04:00,143.61000061035156,143.69000244140625,143.58990478515625,143.6501007080078,196649,0.0,0.0
2025-06-20 13:51:00-04:00,143.64999389648438,143.74000549316406,143.60470581054688,143.6999969482422,192759,0.0,0.0
2025-06-20 13:52:00-04:00,143.7050018310547,143.72999572753906,143.63999938964844,143.69000244140625,118426,0.0,0.0
2025-06-20 13:53:00-04:00,143.68299865722656,143.75,143.6199951171875,143.74000549316406,195693,0.0,0.0
2025-06-20 13:54:00-04:00,143.74180603027344,143.75,143.67999267578125,143.69009399414062,150643,0.0,0.0
2025-06-20 13:55:00-04:00,143.6999969482422,143.77000427246094,143.6699981689453,143.7698974609375,163008,0.0,0.0
2025-06-20 13:56:00-04:00,143.76499938964844,143.8249969482422,143.7100067138672,143.7427978515625,290653,0.0,0.0
2025-06-20 13:57:00-04:00,143.74000549316406,143.8000030517578,143.7100067138672,143.75,212084,0.0,0.0
2025-06-20 13:58:00-04:00,143.74000549316406,143.8800048828125,143.72999572753906,143.85000610351562,247167,0.0,0.0
2025-06-20 13:59:00-04:00,143.84669494628906,143.89500427246094,143.8347930908203,143.860107421875,259737,0.0,0.0
2025-06-20 14:00:00-04:00,143.86500549316406,143.88999938964844,143.7617950439453,143.8000946044922,218363,0.0,0.0
2025-06-20 14:01:00-04:00,143.80149841308594,143.86500549316406,143.77999877929688,143.85499572753906,170332,0.0,0.0
2025-06-20 14:02:00-04:00,143.86000061035156,143.89999389648438,143.8000030517578,143.82879638671875,144507,0.0,0.0
2025-06-20 14:03:00-04:00,143.8300018310547,143.86000061035156,143.8000030517578,143.8000030517578,164934,0.0,0.0
2025-06-20 14:04:00-04:00,143.80499267578125,143.94000244140625,143.8000946044922,143.89999389648438,182215,0.0,0.0
2025-06-20 14:05:00-04:00,143.89810180664062,143.89810180664062,143.80999755859375,143.83999633789062,256633,0.0,0.0
2025-06-20 14:06:00-04:00,143.85000610351562,143.92999267578125,143.83999633789062,143.908203125,151235,0.0,0.0
2025-06-20 14:07:00-04:00,143.91000366210938,143.9398956298828,143.88519287109375,143.89540100097656,111447,0.0,0.0
2025-06-20 14:08:00-04:00,143.89999389648438,143.9600067138672,143.85499572753906,143.8800048828125,172230,0.0,0.0
2025-06-20 14:09:00-04:00,143.88999938964844,143.92849731445312,143.8699951171875,143.89999389648438,149053,0.0,0.0
2025-06-20 14:10:00-04:00,143.89500427246094,143.97000122070312,143.88499450683594,143.89169311523438,183092,0.0,0.0
2025-06-20 14:11:00-04:00,143.88999938964844,143.94000244140625,143.8699951171875,143.90829467773438,172832,0.0,0.0
2025-06-20 14:12:00-04:00,143.90499877929688,143.91000366210938,143.7899932861328,143.80999755859375,193903,0.0,0.0
2025-06-20 14:13:00-04:00,143.81829833984375,143.86000061035156,143.75,143.8502960205078,173628,0.0,0.0
2025-06-20 14:14:00-04:00,143.86000061035156,143.88999938964844,143.8300018310547,143.84930419921875,120020,0.0,0.0
2025-06-20 14:15:00-04:00,143.84840393066406,143.93820190429688,143.83999633789062,143.85499572753906,145735,0.0,0.0
2025-06-20 14:16:00-04:00,143.85519409179688,143.92990112304688,143.85499572753906,143.9199981689453,140948,0.0,0.0
2025-06-20 14:17:00-04:00,143.92860412597656,144.02999877929688,143.8800048828125,143.98849487304688,336934,0.0,0.0
2025-06-20 14:18:00-04:00,143.98500061035156,144.06500244140625,143.97000122070312,144.048095703125,222699,0.0,0.0
2025-06-20 14:19:00-04:00,144.0449981689453,144.1300048828125,144.0,144.11500549316406,542423,0.0,0.0
2025-06-20 14:20:00-04:00,144.1199951171875,144.19000244140625,144.1199951171875,144.15350341796875,264257,0.0,0.0
2025-06-20 14:21:00-04:00,144.1584014892578,144.17999267578125,144.1201934814453,144.1649932861328,159278,0.0,0.0
2025-06-20 14:22:00-04:00,144.1649932861328,144.1699981689453,144.07000732421875,144.0800018310547,189254,0.0,0.0
2025-06-20 14:23:00-04:00,144.0753936767578,144.17999267578125,144.06500244140625,144.1501007080078,153184,0.0,0.0
2025-06-20 14:24:00-04:00,144.16000366210938,144.21499633789062,144.139892578125,144.1748046875,209149,0.0,0.0
2025-06-20 14:25:00-04:00,144.17030334472656,144.22000122070312,144.14999389648438,144.21499633789062,141945,0.0,0.0
2025-06-20 14:26:00-04:00,144.2176055908203,144.27999877929688,144.1300048828125,144.164794921875,290516,0.0,0.0
2025-06-20 14:27:00-04:00,144.1654052734375,144.19869995117188,144.125,144.13499450683594,139256,0.0,0.0
2025-06-20 14:28:00-04:00,144.13499450683594,144.14979553222656,144.0500030517578,144.14500427246094,202411,0.0,0.0
2025-06-20 14:29:00-04:00,144.14999389648438,144.17529296875,144.1199951171875,144.15499877929688,180205,0.0,0.0
2025-06-20 14:30:00-04:00,144.15499877929688,144.22999572753906,144.14999389648438,144.16000366210938,188123,0.0,0.0
2025-06-20 14:31:00-04:00,144.1699981689453,144.1699981689453,144.11000061035156,144.14999389648438,346222,0.0,0.0
2025-06-20 14:32:00-04:00,144.15499877929688,144.3000030517578,144.14999389648438,144.2801055908203,232862,0.0,0.0
2025-06-20 14:33:00-04:00,144.28500366210938,144.32000732421875,144.25,144.25180053710938,240852,0.0,0.0
2025-06-20 14:34:00-04:00,144.25,144.30479431152344,144.1999969482422,144.2093963623047,174896,0.0,0.0
2025-06-20 14:35:00-04:00,144.2050018310547,144.27999877929688,144.15069580078125,144.26539611816406,153914,0.0,0.0
2025-06-20 14:36:00-04:00,144.2617950439453,144.27000427246094,144.1999969482422,144.1999969482422,129316,0.0,0.0
2025-06-20 14:37:00-04:00,144.19500732421875,144.22000122070312,144.08999633789062,144.09230041503906,192393,0.0,0.0
2025-06-20 14:38:00-04:00,144.10000610351562,144.12989807128906,144.05999755859375,144.0847930908203,235481,0.0,0.0
2025-06-20 14:39:00-04:00,144.0850067138672,144.14999389648438,144.0850067138672,144.13499450683594,126603,0.0,0.0
2025-06-20 14:40:00-04:00,144.13499450683594,144.14540100097656,144.0399932861328,144.11180114746094,162073,0.0,0.0
2025-06-20 14:41:00-04:00,144.11180114746094,144.1999969482422,144.101806640625,144.18499755859375,158937,0.0,0.0
2025-06-20 14:42:00-04:00,144.19000244140625,144.22999572753906,144.1199951171875,144.125,173517,0.0,0.0
2025-06-20 14:43:00-04:00,144.1199951171875,144.14999389648438,144.0,144.00180053710938,205198,0.0,0.0
2025-06-20 14:44:00-04:00,144.0,144.0399932861328,143.9600067138672,144.0050048828125,175472,0.0,0.0
2025-06-20 14:45:00-04:00,144.0050048828125,144.0850067138672,143.98179626464844,144.05499267578125,177710,0.0,0.0
2025-06-20 14:46:00-04:00,144.05999755859375,144.10000610351562,144.05999755859375,144.08999633789062,135744,0.0,0.0
2025-06-20 14:47:00-04:00,144.0800018310547,144.0800018310547,143.94000244140625,143.96499633789062,220317,0.0,0.0
2025-06-20 14:48:00-04:00,143.96499633789062,143.97830200195312,143.88999938964844,143.90499877929688,220852,0.0,0.0
2025-06-20 14:49:00-04:00,143.9075927734375,143.91000366210938,143.86000061035156,143.875,200194,0.0,0.0
2025-06-20 14:50:00-04:00,143.8699951171875,143.97500610351562,143.8699951171875,143.91000366210938,253510,0.0,0.0
2025-06-20 14:51:00-04:00,143.9199981689453,144.02999877929688,143.875,144.0,278815,0.0,0.0
2025-06-20 14:52:00-04:00,144.0050048828125,144.02000427246094,143.97000122070312,143.99249267578125,171799,0.0,0.0
2025-06-20 14:53:00-04:00,143.9949951171875,144.00990295410156,143.9499969482422,143.97850036621094,173028,0.0,0.0
2025-06-20 14:54:00-04:00,143.97500610351562,144.02499389648438,143.97000122070312,143.98500061035156,158583,0.0,0.0
2025-06-20 14:55:00-04:00,143.98500061035156,143.9949951171875,143.88999938964844,143.9300994873047,180549,0.0,0.0
2025-06-20 14:56:00-04:00,143.93380737304688,143.9499969482422,143.66000366210938,143.6898956298828,486079,0.0,0.0
2025-06-20 14:57:00-04:00,143.67999267578125,143.77999877929688,143.66000366210938,143.69000244140625,272247,0.0,0.0
2025-06-20 14:58:00-04:00,143.69000244140625,143.72999572753906,143.60000610351562,143.6667022705078,247752,0.0,0.0
2025-06-20 14:59:00-04:00,143.6649932861328,143.68499755859375,143.60009765625,143.67449951171875,163807,0.0,0.0
2025-06-20 15:00:00-04:00,143.67999267578125,143.74000549316406,143.61500549316406,143.69500732421875,250160,0.0,0.0
2025-06-20 15:01:00-04:00,143.69540405273438,143.81500244140625,143.69009399414062,143.77000427246094,329131,0.0,0.0
2025-06-20 15:02:00-04:00,143.7700958251953,143.78500366210938,143.6923065185547,143.71499633789062,168532,0.0,0.0
2025-06-20 15:03:00-04:00,143.72000122070312,143.72000122070312,143.6114044189453,143.6199951171875,177073,0.0,0.0
2025-06-20 15:04:00-04:00,143.6199951171875,143.6649932861328,143.60000610351562,143.60000610351562,152998,0.0,0.0
2025-06-20 15:05:00-04:00,143.60000610351562,143.73179626464844,143.57179260253906,143.71009826660156,262198,0.0,0.0
2025-06-20 15:06:00-04:00,143.7135009765625,143.81500244140625,143.67999267578125,143.70480346679688,273868,0.0,0.0
2025-06-20 15:07:00-04:00,143.70880126953125,143.73989868164062,143.6199951171875,143.6667022705078,188031,0.0,0.0
2025-06-20 15:08:00-04:00,143.6649932861328,143.72000122070312,143.65499877929688,143.70989990234375,136720,0.0,0.0
2025-06-20 15:09:00-04:00,143.7100067138672,143.77000427246094,143.67999267578125,143.7010955810547,390110,0.0,0.0
2025-06-20 15:10:00-04:00,143.70989990234375,143.718505859375,143.6116943359375,143.64999389648438,183912,0.0,0.0
2025-06-20 15:11:00-04:00,143.64999389648438,143.6999969482422,143.63999938964844,143.69650268554688,122744,0.0,0.0
2025-06-20 15:12:00-04:00,143.69500732421875,143.77000427246094,143.6501007080078,143.73500061035156,199290,0.0,0.0
2025-06-20 15:13:00-04:00,143.7382049560547,143.78500366210938,143.69000244140625,143.7050018310547,218554,0.0,0.0
2025-06-20 15:14:00-04:00,143.7050018310547,143.72000122070312,143.63999938964844,143.66000366210938,273387,0.0,0.0
2025-06-20 15:15:00-04:00,143.64999389648438,143.72479248046875,143.63099670410156,143.7187042236328,179818,0.0,0.0
2025-06-20 15:16:00-04:00,143.72000122070312,143.80870056152344,143.70010375976562,143.74420166015625,305714,0.0,0.0
2025-06-20 15:17:00-04:00,143.7467041015625,143.77499389648438,143.7100067138672,143.7624969482422,171423,0.0,0.0
2025-06-20 15:18:00-04:00,143.75999450683594,143.82000732421875,143.7449951171875,143.81500244140625,228980,0.0,0.0
2025-06-20 15:19:00-04:00,143.82000732421875,143.89999389648438,143.82000732421875,143.8634033203125,201410,0.0,0.0
2025-06-20 15:20:00-04:00,143.8699951171875,143.87820434570312,143.82000732421875,143.8282928466797,171439,0.0,0.0
2025-06-20 15:21:00-04:00,143.8249969482422,143.8350067138672,143.72999572753906,143.77000427246094,255081,0.0,0.0
2025-06-20 15:22:00-04:00,143.77499389648438,143.82620239257812,143.72999572753906,143.75599670410156,201274,0.0,0.0
2025-06-20 15:23:00-04:00,143.7550048828125,143.84519958496094,143.72999572753906,143.8300018310547,188795,0.0,0.0
2025-06-20 15:24:00-04:00,143.8350067138672,143.89999389648438,143.77000427246094,143.77000427246094,216754,0.0,0.0
2025-06-20 15:25:00-04:00,143.77000427246094,143.7949981689453,143.7050018310547,143.71839904785156,226474,0.0,0.0
2025-06-20 15:26:00-04:00,143.7178955078125,143.73500061035156,143.63999938964844,143.69500732421875,248526,0.0,0.0
2025-06-20 15:27:00-04:00,143.6999969482422,143.72500610351562,143.66000366210938,143.67999267578125,180918,0.0,0.0
2025-06-20 15:28:00-04:00,143.6699981689453,143.8249969482422,143.6699981689453,143.80499267578125,327204,0.0,0.0
2025-06-20 15:29:00-04:00,143.80990600585938,143.88999938964844,143.77499389648438,143.78990173339844,272473,0.0,0.0
2025-06-20 15:30:00-04:00,143.7899932861328,143.97000122070312,143.7899932861328,143.9550018310547,288187,0.0,0.0
2025-06-20 15:31:00-04:00,143.9600067138672,143.97000122070312,143.8800048828125,143.9199981689453,286556,0.0,0.0
2025-06-20 15:32:00-04:00,143.9250030517578,143.97520446777344,143.88499450683594,143.93499755859375,220875,0.0,0.0
2025-06-20 15:33:00-04:00,143.93179321289062,143.94000244140625,143.86000061035156,143.88499450683594,184135,0.0,0.0
2025-06-20 15:34:00-04:00,143.88999938964844,143.90499877929688,143.82000732421875,143.87130737304688,196608,0.0,0.0
2025-06-20 15:35:00-04:00,143.8699951171875,143.92970275878906,143.8000030517578,143.80999755859375,238254,0.0,0.0
2025-06-20 15:36:00-04:00,143.8112030029297,143.8350067138672,143.74000549316406,143.8249969482422,208971,0.0,0.0
2025-06-20 15:37:00-04:00,143.8253936767578,143.8300018310547,143.74000549316406,143.78500366210938,148876,0.0,0.0
2025-06-20 15:38:00-04:00,143.7801055908203,143.86500549316406,143.76499938964844,143.81500244140625,242436,0.0,0.0
2025-06-20 15:39:00-04:00,143.81500244140625,143.82000732421875,143.68499755859375,143.69000244140625,242417,0.0,0.0
2025-06-20 15:40:00-04:00,143.69000244140625,143.73989868164062,143.6649932861328,143.72500610351562,284006,0.0,0.0
2025-06-20 15:41:00-04:00,143.72999572753906,143.82000732421875,143.72999572753906,143.77999877929688,296988,0.0,0.0
2025-06-20 15:42:00-04:00,143.78460693359375,143.8300018310547,143.69520568847656,143.69869995117188,355092,0.0,0.0
2025-06-20 15:43:00-04:00,143.6999969482422,143.7949981689453,143.66000366210938,143.67999267578125,234183,0.0,0.0
2025-06-20 15:44:00-04:00,143.67999267578125,143.7449951171875,143.65499877929688,143.6999969482422,307880,0.0,0.0
2025-06-20 15:45:00-04:00,143.69000244140625,143.72000122070312,143.60000610351562,143.639892578125,416822,0.0,0.0
2025-06-20 15:46:00-04:00,143.63999938964844,143.63999938964844,143.52000427246094,143.52499389648438,386935,0.0,0.0
2025-06-20 15:47:00-04:00,143.52499389648438,143.5800018310547,143.47000122070312,143.5200958251953,445192,0.0,0.0
2025-06-20 15:48:00-04:00,143.52330017089844,143.5800018310547,143.50999450683594,143.5146026611328,320880,0.0,0.0
2025-06-20 15:49:00-04:00,143.51809692382812,143.5800018310547,143.5,143.5,342816,0.0,0.0
2025-06-20 15:50:00-04:00,143.50999450683594,143.91000366210938,143.4499969482422,143.47999572753906,949749,0.0,0.0
2025-06-20 15:51:00-04:00,143.48150634765625,143.59500122070312,143.41000366210938,143.44000244140625,493231,0.0,0.0
2025-06-20 15:52:00-04:00,143.4499969482422,143.51519775390625,143.36000061035156,143.3950958251953,511676,0.0,0.0
2025-06-20 15:53:00-04:00,143.4199981689453,143.61000061035156,143.39540100097656,143.60870361328125,626136,0.0,0.0
2025-06-20 15:54:00-04:00,143.61500549316406,143.61659240722656,143.13999938964844,143.46499633789062,1896873,0.0,0.0
2025-06-20 15:55:00-04:00,143.4600067138672,143.97999572753906,143.4600067138672,143.875,1443443,0.0,0.0
2025-06-20 15:56:00-04:00,143.8800048828125,143.97000122070312,143.82000732421875,143.8249969482422,904889,0.0,0.0
2025-06-20 15:57:00-04:00,143.8218994140625,143.86000061035156,143.72999572753906,143.7863006591797,802660,0.0,0.0
2025-06-20 15:58:00-04:00,143.7899932861328,143.83999633789062,143.7550048828125,143.8300018310547,1138761,0.0,0.0
2025-06-20 15:59:00-04:00,143.8249969482422,143.97000122070312,143.7100067138672,143.77999877929688,3319222,0.0,0.0
2025-06-23 09:30:00-04:00,142.47999572753906,143.63999938964844,142.47000122070312,143.42999267578125,9728623,0.0,0.0
2025-06-23 09:31:00-04:00,143.44000244140625,143.5,142.8000030517578,142.86000061035156,1051819,0.0,0.0
2025-06-23 09:32:00-04:00,142.83999633789062,142.99000549316406,142.4199981689453,142.9199981689453,1041728,0.0,0.0
2025-06-23 09:33:00-04:00,142.8903045654297,143.11000061035156,142.32000732421875,142.73500061035156,1136112,0.0,0.0
2025-06-23 09:34:00-04:00,142.72000122070312,142.73500061035156,142.3800048828125,142.47999572753906,699507,0.0,0.0
2025-06-23 09:35:00-04:00,142.47999572753906,142.8074951171875,142.3699951171875,142.6199951171875,958977,0.0,0.0
2025-06-23 09:36:00-04:00,142.64999389648438,143.0500030517578,142.50999450683594,142.85000610351562,940748,0.0,0.0
2025-06-23 09:37:00-04:00,142.85499572753906,143.1199951171875,142.85499572753906,143.08990478515625,815234,0.0,0.0
2025-06-23 09:38:00-04:00,143.0800018310547,143.1999969482422,142.99000549316406,143.02000427246094,671911,0.0,0.0
2025-06-23 09:39:00-04:00,143.00999450683594,143.11000061035156,142.92999267578125,143.03500366210938,812399,0.0,0.0
2025-06-23 09:40:00-04:00,143.02999877929688,143.0800018310547,142.9199981689453,142.92539978027344,614735,0.0,0.0
2025-06-23 09:41:00-04:00,142.92059326171875,143.10000610351562,142.81500244140625,143.0500030517578,588605,0.0,0.0
2025-06-23 09:42:00-04:00,143.0561065673828,143.24000549316406,143.0,143.13499450683594,543762,0.0,0.0
2025-06-23 09:43:00-04:00,143.13999938964844,143.4499969482422,143.10000610351562,143.32139587402344,553057,0.0,0.0
2025-06-23 09:44:00-04:00,143.32350158691406,143.47999572753906,143.26010131835938,143.3800048828125,389685,0.0,0.0
2025-06-23 09:45:00-04:00,143.38999938964844,143.5500030517578,143.3000030517578,143.43499755859375,662477,0.0,0.0
2025-06-23 09:46:00-04:00,143.31039428710938,143.3800048828125,143.25,143.34890747070312,317089,0.0,0.0
2025-06-23 09:47:00-04:00,143.47000122070312,143.5,143.3000030517578,143.32000732421875,630360,0.0,0.0
2025-06-23 09:48:00-04:00,143.3300018310547,143.63999938964844,143.30999755859375,143.58999633789062,561742,0.0,0.0
2025-06-23 09:49:00-04:00,143.60000610351562,143.66000366210938,143.40499877929688,143.52459716796875,479286,0.0,0.0
2025-06-23 09:50:00-04:00,143.5399932861328,143.64999389648438,143.44000244140625,143.63999938964844,860510,0.0,0.0
2025-06-23 09:51:00-04:00,143.639892578125,143.82000732421875,143.6300048828125,143.7449951171875,542599,0.0,0.0
2025-06-23 09:52:00-04:00,143.75,143.83999633789062,143.6649932861328,143.70970153808594,370354,0.0,0.0
2025-06-23 09:53:00-04:00,143.70480346679688,143.72999572753906,143.55999755859375,143.6699981689453,411597,0.0,0.0
2025-06-23 09:54:00-04:00,143.6699981689453,143.72500610351562,143.5601043701172,143.6199951171875,283192,0.0,0.0
2025-06-23 09:55:00-04:00,143.6199951171875,143.6199951171875,143.47999572753906,143.5,330493,0.0,0.0
2025-06-23 09:56:00-04:00,143.50999450683594,143.6781005859375,143.47999572753906,143.664794921875,333309,0.0,0.0
2025-06-23 09:57:00-04:00,143.6652069091797,143.69000244140625,143.5487060546875,143.58999633789062,291028,0.0,0.0
2025-06-23 09:58:00-04:00,143.5800018310547,143.61880493164062,143.43499755859375,143.5489044189453,355399,0.0,0.0
2025-06-23 09:59:00-04:00,143.5399932861328,143.63999938964844,143.48500061035156,143.57960510253906,260036,0.0,0.0
2025-06-23 10:00:00-04:00,143.5800018310547,143.80819702148438,143.5800018310547,143.66000366210938,533672,0.0,0.0
2025-06-23 10:01:00-04:00,143.66000366210938,143.8300018310547,143.66000366210938,143.8249969482422,306554,0.0,0.0
2025-06-23 10:02:00-04:00,143.8249969482422,143.8699951171875,143.75,143.8000946044922,441202,0.0,0.0
2025-06-23 10:03:00-04:00,143.8000030517578,143.92999267578125,143.75,143.89500427246094,471933,0.0,0.0
2025-06-23 10:04:00-04:00,143.89500427246094,144.02999877929688,143.86500549316406,143.93499755859375,823623,0.0,0.0
2025-06-23 10:05:00-04:00,143.9387969970703,144.19000244140625,143.9387969970703,144.18460083007812,496939,0.0,0.0
2025-06-23 10:06:00-04:00,144.19000244140625,144.25,144.14149475097656,144.17999267578125,510797,0.0,0.0
2025-06-23 10:07:00-04:00,144.19000244140625,144.3000030517578,144.1616973876953,144.23480224609375,492208,0.0,0.0
2025-06-23 10:08:00-04:00,144.23500061035156,144.27000427246094,144.1699981689453,144.22500610351562,279626,0.0,0.0
2025-06-23 10:09:00-04:00,144.24000549316406,144.25,144.11000061035156,144.1385955810547,330477,0.0,0.0
2025-06-23 10:10:00-04:00,144.1300048828125,144.1649932861328,143.83999633789062,143.86549377441406,468313,0.0,0.0
2025-06-23 10:11:00-04:00,143.86000061035156,143.91000366210938,143.72000122070312,143.72000122070312,463916,0.0,0.0
2025-06-23 10:12:00-04:00,143.71539306640625,143.8699951171875,143.6699981689453,143.81500244140625,449598,0.0,0.0
2025-06-23 10:13:00-04:00,143.81869506835938,144.02000427246094,143.81069946289062,143.97999572753906,383279,0.0,0.0
2025-06-23 10:14:00-04:00,143.97999572753906,144.07000732421875,143.92999267578125,143.94000244140625,473018,0.0,0.0
2025-06-23 10:15:00-04:00,143.94000244140625,143.97000122070312,143.72500610351562,143.73179626464844,327167,0.0,0.0
2025-06-23 10:16:00-04:00,143.7353973388672,143.88999938964844,143.6999969482422,143.8347930908203,239695,0.0,0.0
2025-06-23 10:17:00-04:00,143.8302001953125,143.91000366210938,143.77999877929688,143.86000061035156,298303,0.0,0.0
2025-06-23 10:18:00-04:00,143.86500549316406,144.02000427246094,143.86500549316406,144.0,380546,0.0,0.0
2025-06-23 10:19:00-04:00,144.0,144.0500030517578,143.9550018310547,143.9550018310547,282984,0.0,0.0
2025-06-23 10:20:00-04:00,143.9600067138672,144.10000610351562,143.9600067138672,144.01499938964844,295904,0.0,0.0
2025-06-23 10:21:00-04:00,144.01499938964844,144.08999633789062,143.9499969482422,144.06480407714844,244534,0.0,0.0
2025-06-23 10:22:00-04:00,144.07000732421875,144.08999633789062,143.87989807128906,143.89999389648438,302786,0.0,0.0
2025-06-23 10:23:00-04:00,143.91000366210938,144.0,143.85499572753906,143.93670654296875,264334,0.0,0.0
2025-06-23 10:24:00-04:00,143.9398956298828,143.9499053955078,143.8249969482422,143.86000061035156,226604,0.0,0.0
2025-06-23 10:25:00-04:00,143.86500549316406,143.92999267578125,143.8000030517578,143.906494140625,206679,0.0,0.0
2025-06-23 10:26:00-04:00,143.91000366210938,143.92999267578125,143.82000732421875,143.8350067138672,273510,0.0,0.0
2025-06-23 10:27:00-04:00,143.83009338378906,143.86000061035156,143.6699981689453,143.68499755859375,346536,0.0,0.0
2025-06-23 10:28:00-04:00,143.68980407714844,143.7698974609375,143.58999633789062,143.76649475097656,410283,0.0,0.0
2025-06-23 10:29:00-04:00,143.76870727539062,143.8000030517578,143.6300048828125,143.6300048828125,237063,0.0,0.0
2025-06-23 10:30:00-04:00,143.63999938964844,143.69000244140625,143.52999877929688,143.5948028564453,313964,0.0,0.0
2025-06-23 10:31:00-04:00,143.59500122070312,143.6699981689453,143.5500030517578,143.5847930908203,281709,0.0,0.0
2025-06-23 10:32:00-04:00,143.5800018310547,143.6649932861328,143.5449981689453,143.6300048828125,332867,0.0,0.0
2025-06-23 10:33:00-04:00,143.6300048828125,143.6699981689453,143.5800018310547,143.6300048828125,239862,0.0,0.0
2025-06-23 10:34:00-04:00,143.63650512695312,143.8000030517578,143.625,143.77330017089844,390521,0.0,0.0
2025-06-23 10:35:00-04:00,143.77000427246094,143.8896942138672,143.72999572753906,143.8300018310547,475103,0.0,0.0
2025-06-23 10:36:00-04:00,143.8300018310547,143.8300018310547,143.68179321289062,143.77999877929688,248697,0.0,0.0
2025-06-23 10:37:00-04:00,143.77499389648438,143.86000061035156,143.6999969482422,143.7198944091797,218511,0.0,0.0
2025-06-23 10:38:00-04:00,143.71499633789062,143.7283935546875,143.6649932861328,143.68479919433594,184207,0.0,0.0
2025-06-23 10:39:00-04:00,143.68499755859375,143.77999877929688,143.61000061035156,143.67999267578125,318862,0.0,0.0
2025-06-23 10:40:00-04:00,143.67999267578125,143.75,143.63999938964844,143.75,219857,0.0,0.0
2025-06-23 10:41:00-04:00,143.74000549316406,143.75,143.63690185546875,143.70069885253906,289917,0.0,0.0
2025-06-23 10:42:00-04:00,143.6999969482422,143.7100067138672,143.60000610351562,143.69500732421875,187133,0.0,0.0
2025-06-23 10:43:00-04:00,143.69000244140625,143.92999267578125,143.69000244140625,143.85690307617188,948903,0.0,0.0
2025-06-23 10:44:00-04:00,143.84500122070312,143.89999389648438,143.7550048828125,143.85000610351562,354439,0.0,0.0
2025-06-23 10:45:00-04:00,143.85009765625,143.92999267578125,143.80999755859375,143.8385009765625,471362,0.0,0.0
2025-06-23 10:46:00-04:00,143.8300018310547,143.97000122070312,143.76499938964844,143.97000122070312,213683,0.0,0.0
2025-06-23 10:47:00-04:00,143.97000122070312,144.0198974609375,143.875,143.89500427246094,443439,0.0,0.0
2025-06-23 10:48:00-04:00,143.88999938964844,143.88999938964844,143.63999938964844,143.66000366210938,268279,0.0,0.0
2025-06-23 10:49:00-04:00,143.65499877929688,143.7100067138672,143.60000610351562,143.69000244140625,195212,0.0,0.0
2025-06-23 10:50:00-04:00,143.69549560546875,143.77000427246094,143.63009643554688,143.76589965820312,287116,0.0,0.0
2025-06-23 10:51:00-04:00,143.7617950439453,143.8251953125,143.69000244140625,143.70840454101562,293527,0.0,0.0
2025-06-23 10:52:00-04:00,143.70230102539062,143.77999877929688,143.6800994873047,143.72869873046875,137133,0.0,0.0
2025-06-23 10:53:00-04:00,143.7299041748047,143.75999450683594,143.66000366210938,143.7550048828125,182462,0.0,0.0
2025-06-23 10:54:00-04:00,143.75010681152344,143.8350067138672,143.74000549316406,143.7899932861328,326498,0.0,0.0
2025-06-23 10:55:00-04:00,143.77999877929688,143.8455047607422,143.74000549316406,143.7550048828125,223820,0.0,0.0
2025-06-23 10:56:00-04:00,143.77999877929688,143.7899932861328,143.64999389648438,143.6750030517578,326443,0.0,0.0
2025-06-23 10:57:00-04:00,143.67999267578125,143.77000427246094,143.6501007080078,143.7218017578125,228985,0.0,0.0
2025-06-23 10:58:00-04:00,143.72500610351562,143.7949981689453,143.70010375976562,143.7642059326172,230542,0.0,0.0
2025-06-23 10:59:00-04:00,143.75999450683594,143.82000732421875,143.71009826660156,143.7949981689453,275896,0.0,0.0
2025-06-23 11:00:00-04:00,143.81500244140625,143.9199981689453,143.77000427246094,143.9001007080078,331412,0.0,0.0
2025-06-23 11:01:00-04:00,143.89999389648438,144.02999877929688,143.89999389648438,143.9803009033203,382051,0.0,0.0
2025-06-23 11:02:00-04:00,143.97999572753906,144.0281982421875,143.90870666503906,144.00840759277344,252899,0.0,0.0
2025-06-23 11:03:00-04:00,144.00990295410156,144.07000732421875,143.96099853515625,144.05499267578125,291014,0.0,0.0
2025-06-23 11:04:00-04:00,144.06500244140625,144.06500244140625,143.9600067138672,144.02499389648438,240294,0.0,0.0
2025-06-23 11:05:00-04:00,144.02499389648438,144.12989807128906,143.99000549316406,144.02000427246094,323442,0.0,0.0
2025-06-23 11:06:00-04:00,144.02999877929688,144.07000732421875,143.94020080566406,143.99989318847656,190832,0.0,0.0
2025-06-23 11:07:00-04:00,144.0,144.0800018310547,144.0,144.07009887695312,147671,0.0,0.0
2025-06-23 11:08:00-04:00,144.0500030517578,144.0500030517578,144.0449981689453,144.0449981689453,194657,0.0,0.0
2025-06-23 11:09:00-04:00,144.0399932861328,144.1199951171875,143.9949951171875,144.11480712890625,259299,0.0,0.0
2025-06-23 11:11:00-04:00,144.08999633789062,144.09689331054688,144.05999755859375,144.07510375976562,383369,0.0,0.0
2025-06-23 11:12:00-04:00,144.05999755859375,144.0699005126953,143.99000549316406,144.00999450683594,173950,0.0,0.0
2025-06-23 11:13:00-04:00,144.02999877929688,144.04859924316406,144.02000427246094,144.03500366210938,301015,0.0,0.0
2025-06-23 11:14:00-04:00,144.03500366210938,144.08999633789062,144.03500366210938,144.0500030517578,121365,0.0,0.0
2025-06-23 11:16:00-04:00,144.03829956054688,144.05999755859375,144.00999450683594,144.05999755859375,409342,0.0,0.0
2025-06-23 11:17:00-04:00,144.05499267578125,144.05999755859375,143.9550018310547,143.9600067138672,114500,0.0,0.0
2025-06-23 11:18:00-04:00,144.02000427246094,144.10000610351562,144.00010681152344,144.09010314941406,322564,0.0,0.0
2025-06-23 11:19:00-04:00,144.15420532226562,144.2100067138672,144.14999389648438,144.2050018310547,353414,0.0,0.0
2025-06-23 11:20:00-04:00,144.14500427246094,144.14999389648438,144.13499450683594,144.14520263671875,418537,0.0,0.0
2025-06-23 11:21:00-04:00,144.14500427246094,144.16000366210938,143.9949951171875,144.00999450683594,272044,0.0,0.0
2025-06-23 11:22:00-04:00,144.0,144.0399932861328,143.97000122070312,143.99000549316406,262355,0.0,0.0
2025-06-23 11:25:00-04:00,144.01499938964844,144.02499389648438,143.97999572753906,143.99000549316406,577224,0.0,0.0
2025-06-23 11:26:00-04:00,143.96499633789062,144.0050048828125,143.91000366210938,143.9550018310547,384835,0.0,0.0
2025-06-23 11:27:00-04:00,143.9550018310547,143.9600067138672,143.79010009765625,143.8592987060547,392906,0.0,0.0
2025-06-23 11:28:00-04:00,143.85499572753906,143.92999267578125,143.8000030517578,143.91839599609375,231102,0.0,0.0
2025-06-23 11:29:00-04:00,143.91810607910156,143.91810607910156,143.75,143.80999755859375,251473,0.0,0.0
2025-06-23 11:30:00-04:00,143.69500732421875,143.77000427246094,143.69000244140625,143.75999450683594,513731,0.0,0.0
2025-06-23 11:31:00-04:00,143.80999755859375,143.91000366210938,143.8000030517578,143.86000061035156,364426,0.0,0.0
2025-06-23 11:32:00-04:00,143.85499572753906,143.8699951171875,143.8011932373047,143.84300231933594,71438,0.0,0.0
2025-06-23 11:34:00-04:00,143.85009765625,143.85499572753906,143.84019470214844,143.84500122070312,733349,0.0,0.0
2025-06-23 11:35:00-04:00,143.83999633789062,143.84500122070312,143.69500732421875,143.8000030517578,623076,0.0,0.0
2025-06-23 11:36:00-04:00,143.79710388183594,143.80999755859375,143.7100067138672,143.7617950439453,112843,0.0,0.0
2025-06-23 11:39:00-04:00,143.86500549316406,143.88999938964844,143.8300018310547,143.84010314941406,447171,0.0,0.0
2025-06-23 11:40:00-04:00,143.84500122070312,143.889892578125,143.77499389648438,143.85499572753906,216198,0.0,0.0
2025-06-23 11:41:00-04:00,143.85000610351562,143.8699951171875,143.66000366210938,143.66819763183594,740935,0.0,0.0
2025-06-23 11:42:00-04:00,143.65179443359375,143.85000610351562,143.64500427246094,143.83999633789062,228433,0.0,0.0
2025-06-23 11:43:00-04:00,143.83999633789062,143.91000366210938,143.8300018310547,143.8314971923828,168910,0.0,0.0
2025-06-23 11:44:00-04:00,143.9248046875,143.9600067138672,143.88519287109375,143.91000366210938,315640,0.0,0.0
2025-06-23 11:45:00-04:00,143.9398956298828,143.9600067138672,143.83999633789062,143.89999389648438,198632,0.0,0.0
2025-06-23 11:46:00-04:00,143.89500427246094,143.98500061035156,143.86500549316406,143.97500610351562,134720,0.0,0.0
2025-06-23 11:47:00-04:00,143.91299438476562,143.94000244140625,143.91000366210938,143.91000366210938,218226,0.0,0.0
2025-06-23 11:48:00-04:00,143.89999389648438,143.9499969482422,143.88900756835938,143.93820190429688,366537,0.0,0.0
2025-06-23 11:49:00-04:00,143.93499755859375,143.96499633789062,143.9199981689453,143.96499633789062,113210,0.0,0.0
2025-06-23 11:50:00-04:00,143.9600067138672,143.9600067138672,143.82000732421875,143.85000610351562,177048,0.0,0.0
2025-06-23 11:51:00-04:00,143.8531036376953,144.02000427246094,143.83009338378906,144.0050048828125,176877,0.0,0.0
2025-06-23 11:52:00-04:00,144.0050048828125,144.0500030517578,143.84500122070312,143.8583984375,243515,0.0,0.0
2025-06-23 11:53:00-04:00,143.86000061035156,143.93499755859375,143.84010314941406,143.8699951171875,162505,0.0,0.0
2025-06-23 11:54:00-04:00,143.87010192871094,143.9199981689453,143.83999633789062,143.88999938964844,123265,0.0,0.0
2025-06-23 11:55:00-04:00,143.88999938964844,143.97000122070312,143.85000610351562,143.92999267578125,189937,0.0,0.0
2025-06-23 11:56:00-04:00,143.92999267578125,143.93699645996094,143.84500122070312,143.89540100097656,144843,0.0,0.0
2025-06-23 11:57:00-04:00,143.88999938964844,143.89169311523438,143.80999755859375,143.8614959716797,125216,0.0,0.0
2025-06-23 11:58:00-04:00,143.86500549316406,143.8800048828125,143.77000427246094,143.8052978515625,167410,0.0,0.0
2025-06-23 11:59:00-04:00,143.8000946044922,143.8070068359375,143.72999572753906,143.7949981689453,170671,0.0,0.0
2025-06-23 12:00:00-04:00,143.8000030517578,143.84500122070312,143.7633056640625,143.79989624023438,488128,0.0,0.0
2025-06-23 12:01:00-04:00,143.79159545898438,143.8249969482422,143.625,143.66549682617188,263309,0.0,0.0
2025-06-23 12:02:00-04:00,143.6652069091797,143.6898956298828,143.58999633789062,143.68130493164062,309559,0.0,0.0
2025-06-23 12:03:00-04:00,143.67999267578125,143.88999938964844,143.63980102539062,143.88169860839844,611003,0.0,0.0
2025-06-23 12:04:00-04:00,143.88499450683594,143.90499877929688,143.77000427246094,143.80999755859375,288719,0.0,0.0
2025-06-23 12:05:00-04:00,143.8000030517578,143.8000030517578,143.72239685058594,143.7899932861328,205303,0.0,0.0
2025-06-23 12:06:00-04:00,143.8000030517578,143.86000061035156,143.76499938964844,143.77000427246094,250173,0.0,0.0
2025-06-23 12:07:00-04:00,143.76499938964844,143.81500244140625,143.72999572753906,143.8000030517578,267811,0.0,0.0
2025-06-23 12:08:00-04:00,143.79519653320312,143.82000732421875,143.72999572753906,143.76499938964844,126475,0.0,0.0
2025-06-23 12:09:00-04:00,143.7698974609375,143.7899932861328,143.68499755859375,143.69000244140625,145517,0.0,0.0
2025-06-23 12:10:00-04:00,143.6945037841797,143.77000427246094,143.57000732421875,143.7259063720703,396753,0.0,0.0
2025-06-23 12:11:00-04:00,143.72000122070312,143.75,143.61000061035156,143.7100067138672,262289,0.0,0.0
2025-06-23 12:12:00-04:00,143.6999969482422,143.75650024414062,143.625,143.74000549316406,184913,0.0,0.0
2025-06-23 12:13:00-04:00,143.73500061035156,143.73500061035156,143.6300048828125,143.64999389648438,139859,0.0,0.0
2025-06-23 12:14:00-04:00,143.66000366210938,143.67999267578125,143.58999633789062,143.62010192871094,244077,0.0,0.0
2025-06-23 12:15:00-04:00,143.6300048828125,143.67999267578125,143.57000732421875,143.625,173495,0.0,0.0
2025-06-23 12:16:00-04:00,143.625,143.77000427246094,143.60009765625,143.74839782714844,255252,0.0,0.0
2025-06-23 12:17:00-04:00,143.74000549316406,143.74000549316406,143.64500427246094,143.69000244140625,283537,0.0,0.0
2025-06-23 12:18:00-04:00,143.6988983154297,143.71499633789062,143.5518035888672,143.6551971435547,275103,0.0,0.0
2025-06-23 12:19:00-04:00,143.65499877929688,143.6999969482422,143.625,143.6300048828125,186503,0.0,0.0
2025-06-23 12:20:00-04:00,143.63999938964844,143.63999938964844,143.47500610351562,143.52499389648438,512729,0.0,0.0
2025-06-23 12:21:00-04:00,143.52999877929688,143.6199951171875,143.49000549316406,143.49839782714844,275888,0.0,0.0
2025-06-23 12:22:00-04:00,143.49989318847656,143.50860595703125,143.3800048828125,143.4149932861328,353201,0.0,0.0
2025-06-23 12:23:00-04:00,143.41000366210938,143.41000366210938,143.28500366210938,143.3350067138672,307107,0.0,0.0
2025-06-23 12:24:00-04:00,143.3350067138672,143.36000061035156,143.17999267578125,143.25160217285156,449537,0.0,0.0
2025-06-23 12:25:00-04:00,143.25,143.25010681152344,143.0800018310547,143.14999389648438,410262,0.0,0.0
2025-06-23 12:26:00-04:00,143.13999938964844,143.1652069091797,142.96499633789062,143.13009643554688,540723,0.0,0.0
2025-06-23 12:27:00-04:00,143.1300048828125,143.17999267578125,142.99009704589844,143.0,441875,0.0,0.0
2025-06-23 12:28:00-04:00,142.99000549316406,143.08999633789062,142.97000122070312,143.05760192871094,357769,0.0,0.0
2025-06-23 12:29:00-04:00,143.05999755859375,143.05999755859375,142.85000610351562,142.92999267578125,483722,0.0,0.0
2025-06-23 12:30:00-04:00,142.92999267578125,142.97999572753906,142.8000030517578,142.97000122070312,424526,0.0,0.0
2025-06-23 12:31:00-04:00,142.96499633789062,142.97000122070312,142.80999755859375,142.85499572753906,313867,0.0,0.0
2025-06-23 12:32:00-04:00,142.85000610351562,142.86000061035156,142.72999572753906,142.80499267578125,312754,0.0,0.0
2025-06-23 12:33:00-04:00,142.8000030517578,142.81500244140625,142.6300048828125,142.65989685058594,474404,0.0,0.0
2025-06-23 12:34:00-04:00,142.64999389648438,142.6750030517578,142.44000244140625,142.48880004882812,726024,0.0,0.0
2025-06-23 12:35:00-04:00,142.47999572753906,142.55999755859375,142.30999755859375,142.5399932861328,609219,0.0,0.0
2025-06-23 12:36:00-04:00,142.5449981689453,142.56869506835938,142.27000427246094,142.28990173339844,591654,0.0,0.0
2025-06-23 12:37:00-04:00,142.27999877929688,142.5399932861328,142.02999877929688,142.5052947998047,922919,0.0,0.0
2025-06-23 12:38:00-04:00,142.50860595703125,142.72000122070312,142.26759338378906,142.52499389648438,707267,0.0,0.0
2025-06-23 12:39:00-04:00,142.52999877929688,142.74879455566406,142.51840209960938,142.69000244140625,526035,0.0,0.0
2025-06-23 12:40:00-04:00,142.6999969482422,143.00999450683594,142.47000122070312,143.00999450683594,694363,0.0,0.0
2025-06-23 12:41:00-04:00,143.01499938964844,143.10000610351562,142.94000244140625,143.07000732421875,587724,0.0,0.0
2025-06-23 12:42:00-04:00,143.0749969482422,143.2899932861328,143.00999450683594,143.27980041503906,524274,0.0,0.0
2025-06-23 12:43:00-04:00,143.2899932861328,143.38999938964844,143.20460510253906,143.2449951171875,579410,0.0,0.0
2025-06-23 12:44:00-04:00,143.22999572753906,143.42999267578125,143.22999572753906,143.35499572753906,402185,0.0,0.0
2025-06-23 12:45:00-04:00,143.3699951171875,143.5800018310547,143.36500549316406,143.49009704589844,497359,0.0,0.0
2025-06-23 12:46:00-04:00,143.50999450683594,143.5500030517578,143.42869567871094,143.42999267578125,303420,0.0,0.0
2025-06-23 12:47:00-04:00,143.47000122070312,143.5,143.3699951171875,143.44000244140625,327072,0.0,0.0
2025-06-23 12:48:00-04:00,143.44479370117188,143.44500732421875,143.1199951171875,143.25180053710938,695110,0.0,0.0
2025-06-23 12:49:00-04:00,143.25,143.41000366210938,143.17999267578125,143.37989807128906,291421,0.0,0.0
2025-06-23 12:50:00-04:00,143.3699951171875,143.4499969482422,143.24000549316406,143.38499450683594,249190,0.0,0.0
2025-06-23 12:51:00-04:00,143.38999938964844,143.44000244140625,143.3101043701172,143.3386993408203,205735,0.0,0.0
2025-06-23 12:52:00-04:00,143.3350067138672,143.368896484375,143.24009704589844,143.33999633789062,251860,0.0,0.0
2025-06-23 12:53:00-04:00,143.34500122070312,143.52000427246094,143.24000549316406,143.32479858398438,459053,0.0,0.0
2025-06-23 12:54:00-04:00,143.3300018310547,143.52000427246094,143.3300018310547,143.5,237125,0.0,0.0
2025-06-23 12:56:00-04:00,143.3031005859375,143.5,143.25,143.49000549316406,840384,0.0,0.0
2025-06-23 12:57:00-04:00,143.50999450683594,143.61500549316406,143.3000030517578,143.4149932861328,340464,0.0,0.0
2025-06-23 12:58:00-04:00,143.41000366210938,143.48500061035156,143.24000549316406,143.2899932861328,274468,0.0,0.0
2025-06-23 12:59:00-04:00,143.2899932861328,143.36000061035156,143.18870544433594,143.2100067138672,267088,0.0,0.0
2025-06-23 13:00:00-04:00,143.22000122070312,143.2899932861328,143.0399932861328,143.24000549316406,379513,0.0,0.0
2025-06-23 13:01:00-04:00,143.25999450683594,143.47000122070312,143.1750030517578,143.36500549316406,441550,0.0,0.0
2025-06-23 13:02:00-04:00,143.3699951171875,143.5399932861328,143.33999633789062,143.51499938964844,288091,0.0,0.0
2025-06-23 13:03:00-04:00,143.52999877929688,143.5800018310547,143.4199981689453,143.48500061035156,366925,0.0,0.0
2025-06-23 13:04:00-04:00,143.47999572753906,143.67999267578125,143.4600067138672,143.63999938964844,449536,0.0,0.0
2025-06-23 13:05:00-04:00,143.64500427246094,143.8300018310547,143.61000061035156,143.69000244140625,520391,0.0,0.0
2025-06-23 13:06:00-04:00,143.69000244140625,143.75,143.50010681152344,143.5399932861328,277431,0.0,0.0
2025-06-23 13:07:00-04:00,143.5399932861328,143.71310424804688,143.52000427246094,143.68499755859375,230891,0.0,0.0
2025-06-23 13:08:00-04:00,143.68499755859375,143.77999877929688,143.66000366210938,143.72999572753906,184036,0.0,0.0
2025-06-23 13:09:00-04:00,143.74000549316406,143.8000030517578,143.72999572753906,143.7449951171875,174461,0.0,0.0
2025-06-23 13:10:00-04:00,143.7449951171875,143.85000610351562,143.74000549316406,143.8350067138672,531480,0.0,0.0
2025-06-23 13:11:00-04:00,143.8300018310547,144.00999450683594,143.8300018310547,143.97000122070312,700335,0.0,0.0
2025-06-23 13:12:00-04:00,143.99000549316406,144.0,143.77499389648438,143.7949981689453,336932,0.0,0.0
2025-06-23 13:13:00-04:00,143.8000030517578,143.89999389648438,143.72000122070312,143.8643035888672,363071,0.0,0.0
2025-06-23 13:14:00-04:00,143.86500549316406,143.91000366210938,143.8249969482422,143.83999633789062,216138,0.0,0.0
2025-06-23 13:15:00-04:00,143.85000610351562,143.9949951171875,143.84500122070312,143.88999938964844,305633,0.0,0.0
2025-06-23 13:16:00-04:00,143.89939880371094,143.99000549316406,143.8699951171875,143.9600067138672,220256,0.0,0.0
2025-06-23 13:17:00-04:00,143.9499969482422,144.00860595703125,143.91000366210938,143.94000244140625,207422,0.0,0.0
2025-06-23 13:18:00-04:00,143.9499969482422,143.9550018310547,143.87989807128906,143.9499969482422,167950,0.0,0.0
2025-06-23 13:19:00-04:00,143.9550018310547,144.08999633789062,143.95010375976562,144.05250549316406,348052,0.0,0.0
2025-06-23 13:20:00-04:00,144.05999755859375,144.07000732421875,143.96499633789062,144.0399932861328,251889,0.0,0.0
2025-06-23 13:21:00-04:00,144.0399932861328,144.10000610351562,144.0301055908203,144.05999755859375,259584,0.0,0.0
2025-06-23 13:22:00-04:00,144.07000732421875,144.22999572753906,144.00999450683594,144.2050018310547,510151,0.0,0.0
2025-06-23 13:23:00-04:00,144.2050018310547,144.2100067138672,144.10499572753906,144.125,253247,0.0,0.0
2025-06-23 13:24:00-04:00,144.1284942626953,144.22000122070312,144.09300231933594,144.16000366210938,397134,0.0,0.0
2025-06-23 13:25:00-04:00,144.16000366210938,144.1999053955078,144.0301055908203,144.1011962890625,270954,0.0,0.0
2025-06-23 13:26:00-04:00,144.10009765625,144.22999572753906,144.0399932861328,144.16329956054688,368199,0.0,0.0
2025-06-23 13:27:00-04:00,144.1699981689453,144.2899932861328,144.16400146484375,144.2050018310547,513502,0.0,0.0
2025-06-23 13:28:00-04:00,144.2100067138672,144.36000061035156,144.18499755859375,144.34500122070312,571725,0.0,0.0
2025-06-23 13:29:00-04:00,144.36000061035156,144.44000244140625,144.35000610351562,144.4058074951172,444709,0.0,0.0
2025-06-23 13:30:00-04:00,144.40499877929688,144.5800018310547,144.40469360351562,144.5,1223990,0.0,0.0
2025-06-23 13:31:00-04:00,144.51499938964844,144.72999572753906,144.4550018310547,144.6649932861328,803819,0.0,0.0
2025-06-23 13:32:00-04:00,144.6699981689453,144.68099975585938,144.59500122070312,144.63999938964844,354509,0.0,0.0
2025-06-23 13:33:00-04:00,144.63999938964844,144.66000366210938,144.5399932861328,144.60000610351562,349443,0.0,0.0
2025-06-23 13:34:00-04:00,144.59109497070312,144.66990661621094,144.47000122070312,144.5386962890625,332982,0.0,0.0
2025-06-23 13:35:00-04:00,144.5399932861328,144.58999633789062,144.51480102539062,144.5489044189453,247605,0.0,0.0
2025-06-23 13:36:00-04:00,144.5449981689453,144.5800018310547,144.4600067138672,144.4709930419922,228938,0.0,0.0
2025-06-23 13:37:00-04:00,144.47999572753906,144.5500030517578,144.4550018310547,144.4600067138672,204573,0.0,0.0
2025-06-23 13:38:00-04:00,144.4586944580078,144.49000549316406,144.42999267578125,144.4654998779297,204291,0.0,0.0
2025-06-23 13:39:00-04:00,144.47999572753906,144.6699981689453,144.41000366210938,144.47500610351562,353206,0.0,0.0
2025-06-23 13:40:00-04:00,144.47500610351562,144.52999877929688,144.38009643554688,144.38479614257812,2359156,0.0,0.0
2025-06-23 13:41:00-04:00,144.38999938964844,144.4499969482422,144.3300018310547,144.43479919433594,301101,0.0,0.0
2025-06-23 13:42:00-04:00,144.44500732421875,144.4499969482422,144.33999633789062,144.39999389648438,191320,0.0,0.0
2025-06-23 13:43:00-04:00,144.41000366210938,144.47999572753906,144.36000061035156,144.47850036621094,233877,0.0,0.0
2025-06-23 13:44:00-04:00,144.4799041748047,144.52999877929688,144.4199981689453,144.4947967529297,288254,0.0,0.0
2025-06-23 13:45:00-04:00,144.5,144.6999969482422,144.47999572753906,144.59500122070312,594554,0.0,0.0
2025-06-23 13:46:00-04:00,144.59010314941406,144.72999572753906,144.58999633789062,144.67999267578125,349785,0.0,0.0
2025-06-23 13:47:00-04:00,144.67030334472656,144.74000549316406,144.5399932861328,144.5500030517578,336905,0.0,0.0
2025-06-23 13:48:00-04:00,144.55540466308594,144.61000061035156,144.52999877929688,144.5800018310547,201995,0.0,0.0
2025-06-23 13:49:00-04:00,144.58999633789062,144.69000244140625,144.5850067138672,144.60000610351562,185442,0.0,0.0
2025-06-23 13:50:00-04:00,144.60470581054688,144.63819885253906,144.5,144.5800018310547,308630,0.0,0.0
2025-06-23 13:51:00-04:00,144.5850067138672,144.6300048828125,144.5399932861328,144.60479736328125,177546,0.0,0.0
2025-06-23 13:52:00-04:00,144.61000061035156,144.6199951171875,144.5,144.52000427246094,176483,0.0,0.0
2025-06-23 13:53:00-04:00,144.51499938964844,144.5500030517578,144.460205078125,144.4783935546875,180013,0.0,0.0
2025-06-23 13:54:00-04:00,144.47479248046875,144.49000549316406,144.30999755859375,144.32479858398438,237666,0.0,0.0
2025-06-23 13:55:00-04:00,144.3249969482422,144.3699951171875,144.27999877929688,144.3699951171875,229235,0.0,0.0
2025-06-23 13:56:00-04:00,144.35499572753906,144.39999389648438,144.30999755859375,144.3249969482422,195709,0.0,0.0
2025-06-23 13:57:00-04:00,144.3300018310547,144.3699951171875,144.2947998046875,144.3300018310547,144740,0.0,0.0
2025-06-23 13:58:00-04:00,144.32000732421875,144.39999389648438,144.30499267578125,144.3800048828125,200049,0.0,0.0
2025-06-23 13:59:00-04:00,144.3699951171875,144.3800048828125,144.3000030517578,144.32000732421875,113212,0.0,0.0
2025-06-23 14:00:00-04:00,144.31500244140625,144.38519287109375,144.27000427246094,144.35009765625,279819,0.0,0.0
2025-06-23 14:01:00-04:00,144.36000061035156,144.41000366210938,144.3300018310547,144.3800048828125,181744,0.0,0.0
2025-06-23 14:02:00-04:00,144.3800048828125,144.4600067138672,144.36000061035156,144.43499755859375,212633,0.0,0.0
2025-06-23 14:03:00-04:00,144.4232940673828,144.4698944091797,144.39999389648438,144.4149932861328,156177,0.0,0.0
2025-06-23 14:04:00-04:00,144.4199981689453,144.43499755859375,144.30999755859375,144.3800048828125,192093,0.0,0.0
2025-06-23 14:05:00-04:00,144.3699951171875,144.43829345703125,144.3300018310547,144.43499755859375,205532,0.0,0.0
2025-06-23 14:06:00-04:00,144.43499755859375,144.51499938964844,144.4149932861328,144.49000549316406,263063,0.0,0.0
2025-06-23 14:07:00-04:00,144.5,144.50999450683594,144.3800048828125,144.4600067138672,403946,0.0,0.0
2025-06-23 14:08:00-04:00,144.45370483398438,144.49989318847656,144.38999938964844,144.4149932861328,161250,0.0,0.0
2025-06-23 14:09:00-04:00,144.40499877929688,144.41000366210938,144.3000030517578,144.3300018310547,191181,0.0,0.0
2025-06-23 14:10:00-04:00,144.32000732421875,144.39999389648438,144.30499267578125,144.3441925048828,253709,0.0,0.0
2025-06-23 14:11:00-04:00,144.34500122070312,144.42999267578125,144.34500122070312,144.4149932861328,152556,0.0,0.0
2025-06-23 14:12:00-04:00,144.4199981689453,144.4199981689453,144.30999755859375,144.3249969482422,134768,0.0,0.0
2025-06-23 14:13:00-04:00,144.3249969482422,144.35850524902344,144.2899932861328,144.34500122070312,201662,0.0,0.0
2025-06-23 14:14:00-04:00,144.34500122070312,144.36000061035156,144.22999572753906,144.24000549316406,274338,0.0,0.0
2025-06-23 14:15:00-04:00,144.25,144.35000610351562,144.17999267578125,144.3195037841797,277508,0.0,0.0
2025-06-23 14:16:00-04:00,144.30999755859375,144.3135986328125,144.2100067138672,144.2299041748047,137804,0.0,0.0
2025-06-23 14:17:00-04:00,144.22000122070312,144.22500610351562,144.0800018310547,144.19500732421875,286878,0.0,0.0
2025-06-23 14:18:00-04:00,144.19500732421875,144.2480010986328,144.11000061035156,144.2480010986328,208846,0.0,0.0
2025-06-23 14:19:00-04:00,144.2449951171875,144.3000030517578,144.2147979736328,144.2801055908203,267275,0.0,0.0
2025-06-23 14:20:00-04:00,144.2949981689453,144.32000732421875,144.2303009033203,144.23880004882812,183348,0.0,0.0
2025-06-23 14:21:00-04:00,144.24000549316406,144.30999755859375,144.2100067138672,144.27110290527344,202290,0.0,0.0
2025-06-23 14:22:00-04:00,144.27999877929688,144.28500366210938,144.22000122070312,144.2449951171875,163865,0.0,0.0
2025-06-23 14:23:00-04:00,144.25,144.25,144.1699981689453,144.19500732421875,119428,0.0,0.0
2025-06-23 14:24:00-04:00,144.1999969482422,144.2050018310547,144.11000061035156,144.1199951171875,171413,0.0,0.0
2025-06-23 14:25:00-04:00,144.1199951171875,144.13999938964844,144.05999755859375,144.10499572753906,170532,0.0,0.0
2025-06-23 14:26:00-04:00,144.11000061035156,144.1699981689453,144.05999755859375,144.1486053466797,411912,0.0,0.0
2025-06-23 14:27:00-04:00,144.14990234375,144.14999389648438,144.06520080566406,144.06520080566406,128934,0.0,0.0
2025-06-23 14:28:00-04:00,144.05999755859375,144.05999755859375,143.9600067138672,143.9803009033203,367667,0.0,0.0
2025-06-23 14:29:00-04:00,143.98480224609375,144.02000427246094,143.8800048828125,143.90989685058594,295021,0.0,0.0
2025-06-23 14:30:00-04:00,143.91000366210938,144.02000427246094,143.89010620117188,144.00999450683594,228556,0.0,0.0
2025-06-23 14:31:00-04:00,144.0,144.0998992919922,143.97000122070312,144.0500030517578,227082,0.0,0.0
2025-06-23 14:32:00-04:00,144.05499267578125,144.05999755859375,143.97000122070312,144.01829528808594,136584,0.0,0.0
2025-06-23 14:33:00-04:00,144.01499938964844,144.0800018310547,143.9949951171875,144.0449981689453,151233,0.0,0.0
2025-06-23 14:34:00-04:00,144.0399932861328,144.13999938964844,144.00259399414062,144.10499572753906,210331,0.0,0.0
2025-06-23 14:35:00-04:00,144.11000061035156,144.11000061035156,144.0399932861328,144.0612030029297,130990,0.0,0.0
2025-06-23 14:36:00-04:00,144.07000732421875,144.14999389648438,144.0500030517578,144.14329528808594,206401,0.0,0.0
2025-06-23 14:37:00-04:00,144.14169311523438,144.17999267578125,144.0800018310547,144.1649932861328,165018,0.0,0.0
2025-06-23 14:38:00-04:00,144.16000366210938,144.1649932861328,144.10009765625,144.11500549316406,165585,0.0,0.0
2025-06-23 14:39:00-04:00,144.11500549316406,144.14990234375,144.0800018310547,144.09829711914062,118694,0.0,0.0
2025-06-23 14:40:00-04:00,144.09500122070312,144.1300048828125,144.0399932861328,144.08999633789062,129579,0.0,0.0
2025-06-23 14:41:00-04:00,144.09500122070312,144.11000061035156,144.00999450683594,144.0749969482422,165996,0.0,0.0
2025-06-23 14:42:00-04:00,144.0749969482422,144.1750030517578,144.0399932861328,144.1685028076172,203012,0.0,0.0
2025-06-23 14:43:00-04:00,144.1649932861328,144.23500061035156,144.13999938964844,144.2050018310547,227750,0.0,0.0
2025-06-23 14:44:00-04:00,144.2100067138672,144.3000030517578,144.2100067138672,144.26519775390625,226238,0.0,0.0
2025-06-23 14:45:00-04:00,144.25999450683594,144.27999877929688,144.1634979248047,144.22999572753906,196609,0.0,0.0
2025-06-23 14:46:00-04:00,144.22479248046875,144.25880432128906,144.18499755859375,144.2281951904297,150113,0.0,0.0
2025-06-23 14:47:00-04:00,144.22999572753906,144.2781982421875,144.21029663085938,144.27000427246094,113095,0.0,0.0
2025-06-23 14:48:00-04:00,144.25999450683594,144.25999450683594,144.1300048828125,144.16799926757812,177777,0.0,0.0
2025-06-23 14:49:00-04:00,144.1699981689453,144.17999267578125,144.1300048828125,144.1649932861328,109035,0.0,0.0
2025-06-23 14:50:00-04:00,144.1699981689453,144.1750030517578,144.1199951171875,144.1300048828125,137352,0.0,0.0
2025-06-23 14:51:00-04:00,144.125,144.14999389648438,144.0850067138672,144.11000061035156,195297,0.0,0.0
2025-06-23 14:52:00-04:00,144.11000061035156,144.1300048828125,144.0399932861328,144.04989624023438,187111,0.0,0.0
2025-06-23 14:53:00-04:00,144.0449981689453,144.05999755859375,143.99000549316406,144.00999450683594,250864,0.0,0.0
2025-06-23 14:54:00-04:00,144.01499938964844,144.1051025390625,144.00999450683594,144.10000610351562,163205,0.0,0.0
2025-06-23 14:55:00-04:00,144.10000610351562,144.11000061035156,144.00010681152344,144.0399932861328,130705,0.0,0.0
2025-06-23 14:56:00-04:00,144.02999877929688,144.10000610351562,144.02999877929688,144.0800018310547,139787,0.0,0.0
2025-06-23 14:57:00-04:00,144.0760040283203,144.09849548339844,143.99000549316406,144.0,170613,0.0,0.0
2025-06-23 14:58:00-04:00,144.00999450683594,144.02850341796875,143.97999572753906,144.0050048828125,185305,0.0,0.0
2025-06-23 14:59:00-04:00,144.0,144.0500030517578,143.99000549316406,144.0399932861328,176901,0.0,0.0
2025-06-23 15:00:00-04:00,144.0399932861328,144.13059997558594,144.00010681152344,144.1300048828125,347111,0.0,0.0
2025-06-23 15:01:00-04:00,144.135498046875,144.33999633789062,144.11000061035156,144.30479431152344,434118,0.0,0.0
2025-06-23 15:02:00-04:00,144.30999755859375,144.38999938964844,144.29010009765625,144.30499267578125,344012,0.0,0.0
2025-06-23 15:03:00-04:00,144.30999755859375,144.3249969482422,144.22999572753906,144.28500366210938,174334,0.0,0.0
2025-06-23 15:04:00-04:00,144.28500366210938,144.3300018310547,144.14999389648438,144.181396484375,242887,0.0,0.0
2025-06-23 15:05:00-04:00,144.17999267578125,144.17999267578125,144.11830139160156,144.15499877929688,148388,0.0,0.0
2025-06-23 15:06:00-04:00,144.16000366210938,144.2064971923828,144.16000366210938,144.1800994873047,163274,0.0,0.0
2025-06-23 15:07:00-04:00,144.181396484375,144.18499755859375,144.02999877929688,144.0500030517578,181074,0.0,0.0
2025-06-23 15:08:00-04:00,144.05520629882812,144.05999755859375,143.97999572753906,144.00999450683594,286473,0.0,0.0
2025-06-23 15:09:00-04:00,144.0050048828125,144.0449981689453,143.95480346679688,144.0299072265625,176612,0.0,0.0
2025-06-23 15:10:00-04:00,144.02999877929688,144.0500030517578,143.9499969482422,144.02499389648438,196005,0.0,0.0
2025-06-23 15:11:00-04:00,144.02499389648438,144.10519409179688,144.0,144.10020446777344,172684,0.0,0.0
2025-06-23 15:12:00-04:00,144.10499572753906,144.13999938964844,144.03480529785156,144.07000732421875,177877,0.0,0.0
2025-06-23 15:13:00-04:00,144.06829833984375,144.07000732421875,143.98170471191406,144.01499938964844,193662,0.0,0.0
2025-06-23 15:14:00-04:00,144.01519775390625,144.02000427246094,143.9199981689453,143.9499053955078,199056,0.0,0.0
2025-06-23 15:15:00-04:00,143.9499969482422,143.98500061035156,143.9199981689453,143.93499755859375,185908,0.0,0.0
2025-06-23 15:16:00-04:00,143.93499755859375,143.96499633789062,143.89999389648438,143.96499633789062,180321,0.0,0.0
2025-06-23 15:17:00-04:00,143.9600067138672,143.9799041748047,143.82000732421875,143.8300018310547,251523,0.0,0.0
2025-06-23 15:18:00-04:00,143.83200073242188,143.89999389648438,143.8000030517578,143.8800048828125,201242,0.0,0.0
2025-06-23 15:19:00-04:00,143.875,143.8979949951172,143.8300018310547,143.85499572753906,171930,0.0,0.0
2025-06-23 15:20:00-04:00,143.86000061035156,143.8800048828125,143.8000030517578,143.802001953125,131438,0.0,0.0
2025-06-23 15:21:00-04:00,143.8000030517578,143.81500244140625,143.75,143.7967071533203,260340,0.0,0.0
2025-06-23 15:22:00-04:00,143.8000030517578,143.85000610351562,143.8000030517578,143.80499267578125,159245,0.0,0.0
2025-06-23 15:23:00-04:00,143.80999755859375,143.85000610351562,143.75999450683594,143.84449768066406,174584,0.0,0.0
2025-06-23 15:24:00-04:00,143.85000610351562,143.85499572753906,143.80499267578125,143.83770751953125,102442,0.0,0.0
2025-06-23 15:25:00-04:00,143.83999633789062,143.92999267578125,143.8300018310547,143.9199981689453,265842,0.0,0.0
2025-06-23 15:26:00-04:00,143.9250030517578,143.9250030517578,143.83999633789062,143.84860229492188,224657,0.0,0.0
2025-06-23 15:27:00-04:00,143.85000610351562,143.89999389648438,143.7899932861328,143.89999389648438,146968,0.0,0.0
2025-06-23 15:28:00-04:00,143.89999389648438,143.92999267578125,143.875,143.9199981689453,160136,0.0,0.0
2025-06-23 15:29:00-04:00,143.9199981689453,143.9217987060547,143.83999633789062,143.84500122070312,137754,0.0,0.0
2025-06-23 15:30:00-04:00,143.83999633789062,143.83999633789062,143.77000427246094,143.80130004882812,185823,0.0,0.0
2025-06-23 15:31:00-04:00,143.80999755859375,143.8300018310547,143.7550048828125,143.7799072265625,161346,0.0,0.0
2025-06-23 15:32:00-04:00,143.77000427246094,143.85000610351562,143.7646942138672,143.84849548339844,130687,0.0,0.0
2025-06-23 15:33:00-04:00,143.83999633789062,143.92999267578125,143.83999633789062,143.8885040283203,197562,0.0,0.0
2025-06-23 15:34:00-04:00,143.88499450683594,143.91000366210938,143.84500122070312,143.8665008544922,506474,0.0,0.0
2025-06-23 15:35:00-04:00,143.860107421875,143.88499450683594,143.75999450683594,143.76170349121094,255569,0.0,0.0
2025-06-23 15:36:00-04:00,143.76840209960938,143.82000732421875,143.72999572753906,143.7429962158203,294009,0.0,0.0
2025-06-23 15:37:00-04:00,143.74180603027344,143.75999450683594,143.6649932861328,143.69020080566406,250937,0.0,0.0
2025-06-23 15:38:00-04:00,143.69500732421875,143.7449951171875,143.66180419921875,143.72000122070312,170410,0.0,0.0
2025-06-23 15:39:00-04:00,143.7198944091797,143.77000427246094,143.6999969482422,143.7100067138672,163212,0.0,0.0
2025-06-23 15:40:00-04:00,143.71499633789062,143.75,143.69000244140625,143.7100067138672,153087,0.0,0.0
2025-06-23 15:41:00-04:00,143.7100067138672,143.80999755859375,143.6999969482422,143.8000030517578,183374,0.0,0.0
2025-06-23 15:42:00-04:00,143.80499267578125,143.82000732421875,143.75999450683594,143.78819274902344,211949,0.0,0.0
2025-06-23 15:43:00-04:00,143.789794921875,143.8000030517578,143.69500732421875,143.7100067138672,272623,0.0,0.0
2025-06-23 15:44:00-04:00,143.6999969482422,143.79800415039062,143.6748046875,143.7449951171875,204857,0.0,0.0
2025-06-23 15:45:00-04:00,143.7449951171875,143.86000061035156,143.71499633789062,143.8209991455078,280084,0.0,0.0
2025-06-23 15:46:00-04:00,143.8249969482422,143.89999389648438,143.79010009765625,143.85499572753906,232725,0.0,0.0
2025-06-23 15:47:00-04:00,143.85499572753906,143.88499450683594,143.8300018310547,143.84010314941406,236700,0.0,0.0
2025-06-23 15:48:00-04:00,143.85000610351562,143.9199981689453,143.85000610351562,143.9001007080078,143917,0.0,0.0
2025-06-23 15:49:00-04:00,143.90179443359375,143.9499969482422,143.86000061035156,143.9499969482422,353870,0.0,0.0
2025-06-23 15:50:00-04:00,143.94500732421875,144.32000732421875,143.94500732421875,144.11000061035156,1198436,0.0,0.0
2025-06-23 15:51:00-04:00,144.11000061035156,144.18499755859375,144.05999755859375,144.1697998046875,496448,0.0,0.0
2025-06-23 15:52:00-04:00,144.1699981689453,144.2050018310547,144.13999938964844,144.1898956298828,272526,0.0,0.0
2025-06-23 15:53:00-04:00,144.19000244140625,144.22999572753906,144.11000061035156,144.22000122070312,411820,0.0,0.0
2025-06-23 15:54:00-04:00,144.21499633789062,144.2949981689453,144.1649932861328,144.21009826660156,621554,0.0,0.0
2025-06-23 15:55:00-04:00,144.21499633789062,144.22999572753906,143.88499450683594,144.08009338378906,986171,0.0,0.0
2025-06-23 15:56:00-04:00,144.08999633789062,144.24000549316406,144.06500244140625,144.22500610351562,582565,0.0,0.0
2025-06-23 15:57:00-04:00,144.22500610351562,144.33999633789062,144.19000244140625,144.31500244140625,713099,0.0,0.0
2025-06-23 15:58:00-04:00,144.32000732421875,144.3699951171875,144.30999755859375,144.3249969482422,1670283,0.0,0.0
2025-06-23 15:59:00-04:00,144.3249969482422,144.36500549316406,144.16000366210938,144.1750030517578,1806056,0.0,0.0
2025-06-24 09:30:00-04:00,145.55999755859375,146.0,145.5,145.8800048828125,7988279,0.0,0.0
2025-06-24 09:31:00-04:00,145.8800048828125,146.32009887695312,145.8000030517578,146.27960205078125,2017988,0.0,0.0
2025-06-24 09:32:00-04:00,146.2899932861328,146.5749969482422,145.80999755859375,146.07989501953125,1968126,0.0,0.0
2025-06-24 09:33:00-04:00,146.07000732421875,146.14999389648438,145.69000244140625,146.07949829101562,871767,0.0,0.0
2025-06-24 09:34:00-04:00,146.05990600585938,146.14500427246094,145.91000366210938,145.9600067138672,733470,0.0,0.0
2025-06-24 09:35:00-04:00,145.9600067138672,146.2100067138672,145.9250030517578,145.9969024658203,1112121,0.0,0.0
2025-06-24 09:36:00-04:00,145.99000549316406,146.18499755859375,145.9499969482422,146.03500366210938,610509,0.0,0.0
2025-06-24 09:37:00-04:00,146.02000427246094,146.36990356445312,145.9199981689453,146.36000061035156,1030183,0.0,0.0
2025-06-24 09:38:00-04:00,146.35000610351562,146.4499053955078,146.17999267578125,146.41110229492188,737067,0.0,0.0
2025-06-24 09:39:00-04:00,146.41000366210938,146.4499969482422,146.25999450683594,146.40150451660156,685228,0.0,0.0
2025-06-24 09:40:00-04:00,146.40499877929688,146.64999389648438,146.38999938964844,146.54519653320312,1671243,0.0,0.0
2025-06-24 09:41:00-04:00,146.54119873046875,147.07000732421875,146.5030059814453,147.0500030517578,3112173,0.0,0.0
2025-06-24 09:42:00-04:00,147.0500030517578,147.3699951171875,147.0500030517578,147.3699951171875,1834326,0.0,0.0
2025-06-24 09:43:00-04:00,147.375,147.60000610351562,147.2899932861328,147.54139709472656,1645164,0.0,0.0
2025-06-24 09:44:00-04:00,147.5399932861328,147.6999053955078,147.4801025390625,147.64889526367188,1452477,0.0,0.0
2025-06-24 09:45:00-04:00,147.64999389648438,147.89999389648438,147.58009338378906,147.71420288085938,1131266,0.0,0.0
2025-06-24 09:46:00-04:00,147.7301025390625,147.79989624023438,147.6999969482422,147.77000427246094,510385,0.0,0.0
2025-06-24 09:47:00-04:00,147.5417022705078,147.63999938964844,147.5,147.52459716796875,1701890,0.0,0.0
2025-06-24 09:48:00-04:00,147.52499389648438,147.5800018310547,147.17999267578125,147.2100067138672,1238977,0.0,0.0
2025-06-24 09:49:00-04:00,147.2165069580078,147.2899932861328,147.04159545898438,147.27099609375,921871,0.0,0.0
2025-06-24 09:50:00-04:00,147.27999877929688,147.31500244140625,146.9219970703125,146.92520141601562,841414,0.0,0.0
2025-06-24 09:51:00-04:00,146.9199981689453,147.02999877929688,146.8000030517578,146.86000061035156,867370,0.0,0.0
2025-06-24 09:52:00-04:00,146.85000610351562,147.1300048828125,146.7899932861328,147.10850524902344,932900,0.0,0.0
2025-06-24 09:53:00-04:00,147.10000610351562,147.16000366210938,146.97000122070312,147.04879760742188,686497,0.0,0.0
2025-06-24 09:54:00-04:00,147.0500030517578,147.27999877929688,147.02999877929688,147.2449951171875,732554,0.0,0.0
2025-06-24 09:55:00-04:00,147.24009704589844,147.3350067138672,147.16000366210938,147.25,575343,0.0,0.0
2025-06-24 09:56:00-04:00,147.25,147.35000610351562,147.14999389648438,147.30999755859375,596697,0.0,0.0
2025-06-24 09:57:00-04:00,147.31500244140625,147.39999389648438,147.25999450683594,147.36000061035156,644302,0.0,0.0
2025-06-24 09:58:00-04:00,147.3699951171875,147.4600067138672,147.05999755859375,147.077392578125,788251,0.0,0.0
2025-06-24 09:59:00-04:00,147.0800018310547,147.17999267578125,146.9600067138672,147.1291961669922,731996,0.0,0.0
2025-06-24 10:00:00-04:00,147.125,147.22999572753906,147.08999633789062,147.10499572753906,388711,0.0,0.0
2025-06-24 10:03:00-04:00,147.07000732421875,147.11990356445312,146.97999572753906,147.10000610351562,2040169,0.0,0.0
2025-06-24 10:04:00-04:00,147.0948028564453,147.15499877929688,146.93359375,146.981201171875,574114,0.0,0.0
2025-06-24 10:05:00-04:00,146.97500610351562,147.07000732421875,146.72999572753906,146.781494140625,641765,0.0,0.0
2025-06-24 10:06:00-04:00,146.7899932861328,146.90499877929688,146.67999267578125,146.6999969482422,733847,0.0,0.0
2025-06-24 10:07:00-04:00,146.7100067138672,146.9499969482422,146.6300048828125,146.8000030517578,710662,0.0,0.0
2025-06-24 10:08:00-04:00,146.80499267578125,146.8300018310547,146.32000732421875,146.39999389648438,938662,0.0,0.0
2025-06-24 10:09:00-04:00,146.39999389648438,146.625,146.38999938964844,146.60499572753906,746054,0.0,0.0
2025-06-24 10:10:00-04:00,146.60499572753906,146.6199951171875,146.22999572753906,146.26499938964844,745857,0.0,0.0
2025-06-24 10:11:00-04:00,146.27499389648438,146.3000030517578,146.0500030517578,146.2050018310547,876767,0.0,0.0
2025-06-24 10:12:00-04:00,146.2050018310547,146.27999877929688,146.09500122070312,146.14990234375,596603,0.0,0.0
2025-06-24 10:13:00-04:00,146.14010620117188,146.38999938964844,146.101806640625,146.36000061035156,590590,0.0,0.0
2025-06-24 10:14:00-04:00,146.36000061035156,146.44000244140625,146.28419494628906,146.37989807128906,456095,0.0,0.0
2025-06-24 10:15:00-04:00,146.375,146.8699951171875,146.3699951171875,146.86000061035156,848967,0.0,0.0
2025-06-24 10:16:00-04:00,146.86000061035156,146.9499969482422,146.75999450683594,146.91009521484375,769079,0.0,0.0
2025-06-24 10:17:00-04:00,146.89999389648438,147.0500030517578,146.86000061035156,146.99000549316406,870757,0.0,0.0
2025-06-24 10:18:00-04:00,146.99000549316406,147.10000610351562,146.89010620117188,146.9488067626953,748967,0.0,0.0
2025-06-24 10:19:00-04:00,146.9499969482422,146.99989318847656,146.77000427246094,146.8249969482422,410733,0.0,0.0
2025-06-24 10:20:00-04:00,146.8249969482422,146.82980346679688,146.67999267578125,146.76499938964844,386297,0.0,0.0
2025-06-24 10:21:00-04:00,146.76870727539062,146.82000732421875,146.64999389648438,146.6999969482422,347926,0.0,0.0
2025-06-24 10:22:00-04:00,146.67999267578125,146.82000732421875,146.6300048828125,146.79010009765625,309196,0.0,0.0
2025-06-24 10:23:00-04:00,146.7949981689453,146.81869506835938,146.5800018310547,146.58999633789062,345310,0.0,0.0
2025-06-24 10:24:00-04:00,146.59500122070312,146.74000549316406,146.57000732421875,146.7050018310547,362581,0.0,0.0
2025-06-24 10:25:00-04:00,146.7100067138672,146.77000427246094,146.6699981689453,146.7100067138672,257783,0.0,0.0
2025-06-24 10:26:00-04:00,146.72500610351562,146.7552032470703,146.6199951171875,146.7313995361328,222724,0.0,0.0
2025-06-24 10:27:00-04:00,146.73500061035156,146.9149932861328,146.70350646972656,146.87159729003906,373683,0.0,0.0
2025-06-24 10:28:00-04:00,146.8699951171875,147.0,146.6699981689453,147.0,597207,0.0,0.0
2025-06-24 10:29:00-04:00,146.9949951171875,147.11000061035156,146.97000122070312,147.02000427246094,553070,0.0,0.0
2025-06-24 10:30:00-04:00,147.02000427246094,147.07000732421875,146.96499633789062,147.02499389648438,488484,0.0,0.0
2025-06-24 10:31:00-04:00,147.02999877929688,147.07989501953125,146.99000549316406,147.06500244140625,279387,0.0,0.0
2025-06-24 10:32:00-04:00,147.06500244140625,147.10989379882812,147.0200958251953,147.0399932861328,368238,0.0,0.0
2025-06-24 10:33:00-04:00,147.0449981689453,147.14999389648438,146.97999572753906,147.13999938964844,348296,0.0,0.0
2025-06-24 10:34:00-04:00,147.13499450683594,147.14999389648438,147.0,147.0301971435547,248024,0.0,0.0
2025-06-24 10:35:00-04:00,147.03500366210938,147.0449981689453,146.88999938964844,146.99459838867188,402643,0.0,0.0
2025-06-24 10:36:00-04:00,147.0,147.0,146.8000030517578,146.85000610351562,388787,0.0,0.0
2025-06-24 10:37:00-04:00,146.8300018310547,146.97000122070312,146.80499267578125,146.9237060546875,345091,0.0,0.0
2025-06-24 10:38:00-04:00,146.9250030517578,146.9949951171875,146.86000061035156,146.97500610351562,265151,0.0,0.0
2025-06-24 10:39:00-04:00,146.97500610351562,147.0,146.875,146.93499755859375,297184,0.0,0.0
2025-06-24 10:40:00-04:00,146.93499755859375,147.11000061035156,146.9149932861328,147.08999633789062,441333,0.0,0.0
2025-06-24 10:41:00-04:00,147.10000610351562,147.14999389648438,147.0399932861328,147.09500122070312,279541,0.0,0.0
2025-06-24 10:42:00-04:00,147.09500122070312,147.16000366210938,147.07000732421875,147.139892578125,428888,0.0,0.0
2025-06-24 10:43:00-04:00,147.13999938964844,147.30499267578125,147.1300048828125,147.2949981689453,607303,0.0,0.0
2025-06-24 10:44:00-04:00,147.2949981689453,147.35000610351562,147.18499755859375,147.1898956298828,492786,0.0,0.0
2025-06-24 10:45:00-04:00,147.19129943847656,147.3800048828125,147.1750030517578,147.31170654296875,497908,0.0,0.0
2025-06-24 10:46:00-04:00,147.3249969482422,147.39999389648438,147.25,147.27650451660156,428604,0.0,0.0
2025-06-24 10:47:00-04:00,147.27499389648438,147.3249969482422,147.18209838867188,147.25,346494,0.0,0.0
2025-06-24 10:48:00-04:00,147.2447967529297,147.42999267578125,147.24000549316406,147.30499267578125,349376,0.0,0.0
2025-06-24 10:49:00-04:00,147.30999755859375,147.32839965820312,147.19000244140625,147.24130249023438,317535,0.0,0.0
2025-06-24 10:50:00-04:00,147.24000549316406,147.38999938964844,147.20010375976562,147.21670532226562,341516,0.0,0.0
2025-06-24 10:51:00-04:00,147.21499633789062,147.2949981689453,147.19000244140625,147.28500366210938,311498,0.0,0.0
2025-06-24 10:52:00-04:00,147.2801055908203,147.3300018310547,147.22000122070312,147.23350524902344,275949,0.0,0.0
2025-06-24 10:53:00-04:00,147.22999572753906,147.2550048828125,147.14999389648438,147.2100067138672,267796,0.0,0.0
2025-06-24 10:54:00-04:00,147.21499633789062,147.2299041748047,147.0399932861328,147.08140563964844,790720,0.0,0.0
2025-06-24 10:55:00-04:00,147.07000732421875,147.1300048828125,147.02999877929688,147.0449981689453,263995,0.0,0.0
2025-06-24 10:56:00-04:00,147.0399932861328,147.12100219726562,147.0,147.09010314941406,324209,0.0,0.0
2025-06-24 10:57:00-04:00,147.10499572753906,147.2052001953125,147.08009338378906,147.14500427246094,275474,0.0,0.0
2025-06-24 10:58:00-04:00,147.15499877929688,147.1750030517578,147.10000610351562,147.16160583496094,259229,0.0,0.0
2025-06-24 10:59:00-04:00,147.16000366210938,147.16000366210938,146.89999389648438,147.0500030517578,532267,0.0,0.0
2025-06-24 11:00:00-04:00,147.05999755859375,147.22999572753906,147.0399932861328,147.14500427246094,360041,0.0,0.0
2025-06-24 11:01:00-04:00,147.14999389648438,147.2449951171875,147.13999938964844,147.19540405273438,310103,0.0,0.0
2025-06-24 11:02:00-04:00,147.1999969482422,147.27999877929688,147.14999389648438,147.17640686035156,369520,0.0,0.0
2025-06-24 11:03:00-04:00,147.17999267578125,147.22000122070312,147.16000366210938,147.2100067138672,168444,0.0,0.0
2025-06-24 11:04:00-04:00,147.1999969482422,147.1999969482422,146.9949951171875,147.03500366210938,573467,0.0,0.0
2025-06-24 11:05:00-04:00,147.03500366210938,147.08999633789062,146.97999572753906,147.02499389648438,128444,0.0,0.0
2025-06-24 11:06:00-04:00,147.03500366210938,147.03500366210938,147.02000427246094,147.02450561523438,962757,0.0,0.0
2025-06-24 11:07:00-04:00,147.02000427246094,147.125,147.02000427246094,147.10009765625,350722,0.0,0.0
2025-06-24 11:08:00-04:00,147.10000610351562,147.15989685058594,147.02999877929688,147.03500366210938,188874,0.0,0.0
2025-06-24 11:09:00-04:00,147.02999877929688,147.05499267578125,146.91000366210938,146.9398956298828,265354,0.0,0.0
2025-06-24 11:11:00-04:00,147.1112060546875,147.1898956298828,147.10000610351562,147.11849975585938,665026,0.0,0.0
2025-06-24 11:13:00-04:00,147.0399932861328,147.0449981689453,147.00999450683594,147.01499938964844,259586,0.0,0.0
2025-06-24 11:14:00-04:00,147.02000427246094,147.03990173339844,147.0,147.0301055908203,126590,0.0,0.0
2025-06-24 11:15:00-04:00,147.0500030517578,147.08999633789062,147.0500030517578,147.05999755859375,279027,0.0,0.0
2025-06-24 11:16:00-04:00,147.06500244140625,147.07989501953125,147.0050048828125,147.01499938964844,135627,0.0,0.0
2025-06-24 11:18:00-04:00,147.02499389648438,147.02999877929688,146.9949951171875,147.0050048828125,469717,0.0,0.0
2025-06-24 11:19:00-04:00,147.0050048828125,147.0500030517578,147.0,147.01499938964844,148374,0.0,0.0
2025-06-24 11:20:00-04:00,147.01499938964844,147.0198974609375,146.99000549316406,147.00999450683594,31667,0.0,0.0
2025-06-24 11:22:00-04:00,146.97000122070312,147.02999877929688,146.97000122070312,147.02499389648438,548896,0.0,0.0
2025-06-24 11:23:00-04:00,147.06329345703125,147.08999633789062,146.9949951171875,147.0601043701172,217143,0.0,0.0
2025-06-24 11:24:00-04:00,147.05499267578125,147.07000732421875,146.89999389648438,146.90499877929688,250466,0.0,0.0
2025-06-24 11:25:00-04:00,146.90499877929688,146.9113006591797,146.82000732421875,146.9113006591797,388293,0.0,0.0
2025-06-24 11:26:00-04:00,146.9149932861328,146.96499633789062,146.8300018310547,146.85479736328125,295616,0.0,0.0
2025-06-24 11:27:00-04:00,146.86000061035156,146.99319458007812,146.86000061035156,146.97500610351562,244639,0.0,0.0
2025-06-24 11:28:00-04:00,146.97000122070312,147.00999450683594,146.97000122070312,147.0050048828125,93971,0.0,0.0
2025-06-24 11:29:00-04:00,146.90980529785156,146.9199981689453,146.89999389648438,146.90499877929688,251747,0.0,0.0
2025-06-24 11:30:00-04:00,146.91000366210938,146.9499969482422,146.88999938964844,146.88999938964844,2760217,0.0,0.0
2025-06-24 11:31:00-04:00,146.83999633789062,146.85000610351562,146.82000732421875,146.8300018310547,354712,0.0,0.0
2025-06-24 11:32:00-04:00,146.82989501953125,146.82989501953125,146.63999938964844,146.71009826660156,376833,0.0,0.0
2025-06-24 11:34:00-04:00,146.80499267578125,146.8800048828125,146.80239868164062,146.8699951171875,1019727,0.0,0.0
2025-06-24 11:35:00-04:00,146.8699951171875,146.92999267578125,146.85000610351562,146.90499877929688,187801,0.0,0.0
2025-06-24 11:36:00-04:00,146.89999389648438,146.9499969482422,146.89999389648438,146.93499755859375,20530,0.0,0.0
2025-06-24 11:38:00-04:00,146.84010314941406,146.8560028076172,146.8300018310547,146.83990478515625,529382,0.0,0.0
2025-06-24 11:39:00-04:00,146.89999389648438,146.9149932861328,146.86500549316406,146.86500549316406,202005,0.0,0.0
2025-06-24 11:40:00-04:00,146.86000061035156,146.94900512695312,146.86000061035156,146.91879272460938,104936,0.0,0.0
2025-06-24 11:43:00-04:00,146.75999450683594,146.85000610351562,146.7100067138672,146.84500122070312,1908728,0.0,0.0
2025-06-24 11:44:00-04:00,146.83999633789062,146.9250030517578,146.8300018310547,146.9199981689453,265214,0.0,0.0
2025-06-24 11:45:00-04:00,146.9250030517578,146.9499969482422,146.8699951171875,146.91000366210938,186940,0.0,0.0
2025-06-24 11:46:00-04:00,146.90499877929688,146.9552001953125,146.8699951171875,146.88999938964844,303470,0.0,0.0
2025-06-24 11:47:00-04:00,146.8800048828125,146.9199981689453,146.85000610351562,146.91990661621094,136466,0.0,0.0
2025-06-24 11:48:00-04:00,146.91000366210938,146.9499969482422,146.8699951171875,146.88499450683594,139271,0.0,0.0
2025-06-24 11:49:00-04:00,146.88499450683594,146.9600067138672,146.86000061035156,146.9199981689453,144198,0.0,0.0
2025-06-24 11:50:00-04:00,146.9250030517578,146.92990112304688,146.8300018310547,146.8616943359375,160193,0.0,0.0
2025-06-24 11:51:00-04:00,146.86160278320312,146.89500427246094,146.80999755859375,146.875,112560,0.0,0.0
2025-06-24 11:52:00-04:00,146.875,146.89500427246094,146.7801055908203,146.78500366210938,203750,0.0,0.0
2025-06-24 11:53:00-04:00,146.78500366210938,146.83189392089844,146.75,146.8300018310547,170295,0.0,0.0
2025-06-24 11:54:00-04:00,146.8300018310547,146.83999633789062,146.77999877929688,146.81500244140625,128166,0.0,0.0
2025-06-24 11:55:00-04:00,146.81500244140625,146.83990478515625,146.77000427246094,146.8199005126953,159876,0.0,0.0
2025-06-24 11:56:00-04:00,146.810302734375,146.83999633789062,146.66000366210938,146.6649932861328,215489,0.0,0.0
2025-06-24 11:57:00-04:00,146.6649932861328,146.74000549316406,146.6199951171875,146.69110107421875,344709,0.0,0.0
2025-06-24 11:58:00-04:00,146.6855010986328,146.71499633789062,146.6199951171875,146.639892578125,294536,0.0,0.0
2025-06-24 11:59:00-04:00,146.63499450683594,146.6699981689453,146.5500030517578,146.66900634765625,340146,0.0,0.0
2025-06-24 12:00:00-04:00,146.6649932861328,146.7198944091797,146.65330505371094,146.69009399414062,198528,0.0,0.0
2025-06-24 12:01:00-04:00,146.69200134277344,146.7799072265625,146.69000244140625,146.7100067138672,190066,0.0,0.0
2025-06-24 12:02:00-04:00,146.71499633789062,146.75999450683594,146.70010375976562,146.7519073486328,111828,0.0,0.0
2025-06-24 12:03:00-04:00,146.75979614257812,146.8000030517578,146.73500061035156,146.76499938964844,141392,0.0,0.0
2025-06-24 12:04:00-04:00,146.77000427246094,146.7799072265625,146.72999572753906,146.75010681152344,130183,0.0,0.0
2025-06-24 12:05:00-04:00,146.75999450683594,146.76499938964844,146.65499877929688,146.70010375976562,190358,0.0,0.0
2025-06-24 12:06:00-04:00,146.69500732421875,146.77000427246094,146.69009399414062,146.74989318847656,122954,0.0,0.0
2025-06-24 12:07:00-04:00,146.7449951171875,146.80990600585938,146.7100067138672,146.72000122070312,1665437,0.0,0.0
2025-06-24 12:08:00-04:00,146.72500610351562,146.73500061035156,146.6699981689453,146.6999969482422,127014,0.0,0.0
2025-06-24 12:09:00-04:00,146.69500732421875,146.7281951904297,146.66000366210938,146.7115020751953,148996,0.0,0.0
2025-06-24 12:10:00-04:00,146.7100067138672,146.77870178222656,146.69000244140625,146.7449951171875,157375,0.0,0.0
2025-06-24 12:11:00-04:00,146.7454071044922,146.77999877929688,146.72999572753906,146.75450134277344,102851,0.0,0.0
2025-06-24 12:12:00-04:00,146.75,146.7884063720703,146.6909942626953,146.7353973388672,172533,0.0,0.0
2025-06-24 12:13:00-04:00,146.73519897460938,146.73519897460938,146.67999267578125,146.72500610351562,146253,0.0,0.0
2025-06-24 12:14:00-04:00,146.72500610351562,146.77999877929688,146.69000244140625,146.76499938964844,165836,0.0,0.0
2025-06-24 12:15:00-04:00,146.77000427246094,146.8300018310547,146.74000549316406,146.80999755859375,198108,0.0,0.0
2025-06-24 12:16:00-04:00,146.80999755859375,146.85989379882812,146.8000030517578,146.8217010498047,200070,0.0,0.0
2025-06-24 12:17:00-04:00,146.8217010498047,146.8699951171875,146.82009887695312,146.85989379882812,153743,0.0,0.0
2025-06-24 12:18:00-04:00,146.8583984375,146.91000366210938,146.85000610351562,146.89520263671875,187696,0.0,0.0
2025-06-24 12:19:00-04:00,146.8916015625,146.92999267578125,146.8699951171875,146.89500427246094,147904,0.0,0.0
2025-06-24 12:20:00-04:00,146.88999938964844,146.9499969482422,146.88999938964844,146.9398956298828,139155,0.0,0.0
2025-06-24 12:21:00-04:00,146.92999267578125,146.9600067138672,146.89500427246094,146.9499969482422,149621,0.0,0.0
2025-06-24 12:22:00-04:00,146.9512939453125,147.02000427246094,146.94000244140625,146.98350524902344,553533,0.0,0.0
2025-06-24 12:23:00-04:00,146.99000549316406,147.02499389648438,146.9600067138672,146.9949951171875,230406,0.0,0.0
2025-06-24 12:24:00-04:00,146.97999572753906,147.0050048828125,146.9300994873047,146.99000549316406,197774,0.0,0.0
2025-06-24 12:25:00-04:00,146.9949951171875,147.0198974609375,146.9499969482422,146.9949951171875,188332,0.0,0.0
2025-06-24 12:26:00-04:00,146.99000549316406,147.0800018310547,146.97999572753906,147.0749969482422,293818,0.0,0.0
2025-06-24 12:27:00-04:00,147.0800018310547,147.1199951171875,147.05999755859375,147.11500549316406,256580,0.0,0.0
2025-06-24 12:28:00-04:00,147.110107421875,147.1649932861328,147.10000610351562,147.1649932861328,226499,0.0,0.0
2025-06-24 12:29:00-04:00,147.1649932861328,147.1999969482422,147.14999389648438,147.1649932861328,349476,0.0,0.0
2025-06-24 12:30:00-04:00,147.1649932861328,147.24000549316406,147.16000366210938,147.19500732421875,605306,0.0,0.0
2025-06-24 12:31:00-04:00,147.1999969482422,147.22999572753906,147.16009521484375,147.1750030517578,237564,0.0,0.0
2025-06-24 12:32:00-04:00,147.1750030517578,147.19000244140625,147.05999755859375,147.13499450683594,298000,0.0,0.0
2025-06-24 12:33:00-04:00,147.1300048828125,147.13540649414062,147.05999755859375,147.11160278320312,154779,0.0,0.0
2025-06-24 12:34:00-04:00,147.11500549316406,147.1750030517578,147.08999633789062,147.13900756835938,142622,0.0,0.0
2025-06-24 12:35:00-04:00,147.13499450683594,147.17649841308594,147.07000732421875,147.1053924560547,159735,0.0,0.0
2025-06-24 12:36:00-04:00,147.10000610351562,147.1999969482422,147.0800018310547,147.19149780273438,214098,0.0,0.0
2025-06-24 12:37:00-04:00,147.19500732421875,147.20989990234375,147.13999938964844,147.14999389648438,194063,0.0,0.0
2025-06-24 12:38:00-04:00,147.1501007080078,147.25,147.14999389648438,147.20590209960938,483896,0.0,0.0
2025-06-24 12:39:00-04:00,147.1999969482422,147.22999572753906,147.1699981689453,147.1750030517578,171062,0.0,0.0
2025-06-24 12:40:00-04:00,147.17999267578125,147.22999572753906,147.17999267578125,147.21180725097656,203959,0.0,0.0
2025-06-24 12:41:00-04:00,147.21009826660156,147.27000427246094,147.21009826660156,147.24000549316406,272475,0.0,0.0
2025-06-24 12:42:00-04:00,147.2449951171875,147.33999633789062,147.24000549316406,147.3300018310547,361864,0.0,0.0
2025-06-24 12:43:00-04:00,147.3350067138672,147.39990234375,147.32000732421875,147.38169860839844,284964,0.0,0.0
2025-06-24 12:44:00-04:00,147.38499450683594,147.42999267578125,147.35000610351562,147.3520050048828,313922,0.0,0.0
2025-06-24 12:45:00-04:00,147.35499572753906,147.38499450683594,147.31170654296875,147.3199005126953,262593,0.0,0.0
2025-06-24 12:46:00-04:00,147.32000732421875,147.3350067138672,147.2700958251953,147.30149841308594,208370,0.0,0.0
2025-06-24 12:47:00-04:00,147.30499267578125,147.32000732421875,147.25999450683594,147.31500244140625,195836,0.0,0.0
2025-06-24 12:48:00-04:00,147.31500244140625,147.375,147.31500244140625,147.3350067138672,273093,0.0,0.0
2025-06-24 12:49:00-04:00,147.3350067138672,147.33999633789062,147.2899932861328,147.31500244140625,132747,0.0,0.0
2025-06-24 12:50:00-04:00,147.31500244140625,147.3350067138672,147.19000244140625,147.1999969482422,251740,0.0,0.0
2025-06-24 12:51:00-04:00,147.19349670410156,147.2498016357422,147.1699981689453,147.19869995117188,228419,0.0,0.0
2025-06-24 12:52:00-04:00,147.1999969482422,147.30650329589844,147.19009399414062,147.30499267578125,224658,0.0,0.0
2025-06-24 12:53:00-04:00,147.30160522460938,147.30990600585938,147.2017059326172,147.26190185546875,132807,0.0,0.0
2025-06-24 12:54:00-04:00,147.26499938964844,147.2799072265625,147.16000366210938,147.1833038330078,173924,0.0,0.0
2025-06-24 12:55:00-04:00,147.17999267578125,147.27000427246094,147.1699981689453,147.18499755859375,178020,0.0,0.0
2025-06-24 12:56:00-04:00,147.181396484375,147.2100067138672,147.1199951171875,147.1649932861328,167971,0.0,0.0
2025-06-24 12:57:00-04:00,147.1645050048828,147.1750030517578,147.10000610351562,147.11000061035156,127737,0.0,0.0
2025-06-24 12:58:00-04:00,147.10499572753906,147.10899353027344,147.0,147.05999755859375,349459,0.0,0.0
2025-06-24 12:59:00-04:00,147.0699005126953,147.13999938964844,147.05499267578125,147.10130310058594,686235,0.0,0.0
2025-06-24 13:00:00-04:00,147.10499572753906,147.1699981689453,147.09500122070312,147.1300048828125,211961,0.0,0.0
2025-06-24 13:01:00-04:00,147.1300048828125,147.27000427246094,147.10000610351562,147.1999969482422,230252,0.0,0.0
2025-06-24 13:02:00-04:00,147.2050018310547,147.2899932861328,147.20069885253906,147.2449951171875,167317,0.0,0.0
2025-06-24 13:03:00-04:00,147.24549865722656,147.28579711914062,147.22000122070312,147.27000427246094,186512,0.0,0.0
2025-06-24 13:04:00-04:00,147.26499938964844,147.36500549316406,147.25999450683594,147.32009887695312,254481,0.0,0.0
2025-06-24 13:05:00-04:00,147.3300018310547,147.4250030517578,147.3249969482422,147.41000366210938,239297,0.0,0.0
2025-06-24 13:06:00-04:00,147.4149932861328,147.41529846191406,147.35000610351562,147.36500549316406,209724,0.0,0.0
2025-06-24 13:07:00-04:00,147.36500549316406,147.38499450683594,147.32000732421875,147.34500122070312,164849,0.0,0.0
2025-06-24 13:08:00-04:00,147.34649658203125,147.36500549316406,147.32000732421875,147.32000732421875,160419,0.0,0.0
2025-06-24 13:09:00-04:00,147.30999755859375,147.3199005126953,147.1999969482422,147.2899932861328,202782,0.0,0.0
2025-06-24 13:10:00-04:00,147.28990173339844,147.33999633789062,147.26010131835938,147.3350067138672,158744,0.0,0.0
2025-06-24 13:11:00-04:00,147.3350067138672,147.39999389648438,147.29010009765625,147.39450073242188,168169,0.0,0.0
2025-06-24 13:12:00-04:00,147.39500427246094,147.41000366210938,147.33999633789062,147.34500122070312,167222,0.0,0.0
2025-06-24 13:13:00-04:00,147.35000610351562,147.38999938964844,147.32000732421875,147.36500549316406,130802,0.0,0.0
2025-06-24 13:14:00-04:00,147.36480712890625,147.39999389648438,147.3000030517578,147.30999755859375,151579,0.0,0.0
2025-06-24 13:15:00-04:00,147.30499267578125,147.37989807128906,147.3000946044922,147.36000061035156,132104,0.0,0.0
2025-06-24 13:16:00-04:00,147.36500549316406,147.39500427246094,147.3300018310547,147.36500549316406,189387,0.0,0.0
2025-06-24 13:17:00-04:00,147.36500549316406,147.4499969482422,147.36000061035156,147.4149932861328,320867,0.0,0.0
2025-06-24 13:18:00-04:00,147.4149932861328,147.4199981689453,147.32009887695312,147.3300018310547,164493,0.0,0.0
2025-06-24 13:19:00-04:00,147.3249969482422,147.3300018310547,147.25,147.28500366210938,220407,0.0,0.0
2025-06-24 13:20:00-04:00,147.28500366210938,147.35989379882812,147.2100067138672,147.26519775390625,297022,0.0,0.0
2025-06-24 13:21:00-04:00,147.26480102539062,147.3289031982422,147.0749969482422,147.12179565429688,377442,0.0,0.0
2025-06-24 13:22:00-04:00,147.1199951171875,147.16990661621094,147.0399932861328,147.11500549316406,299185,0.0,0.0
2025-06-24 13:23:00-04:00,147.11000061035156,147.13999938964844,147.0399932861328,147.0800018310547,225430,0.0,0.0
2025-06-24 13:24:00-04:00,147.0850067138672,147.11000061035156,147.02000427246094,147.04010009765625,277490,0.0,0.0
2025-06-24 13:25:00-04:00,147.0449981689453,147.08990478515625,147.02999877929688,147.03500366210938,174712,0.0,0.0
2025-06-24 13:26:00-04:00,147.03500366210938,147.19000244140625,147.02999877929688,147.18179321289062,222355,0.0,0.0
2025-06-24 13:27:00-04:00,147.19000244140625,147.1970977783203,147.15499877929688,147.1717071533203,156805,0.0,0.0
2025-06-24 13:28:00-04:00,147.17999267578125,147.2050018310547,147.14999389648438,147.1649932861328,165882,0.0,0.0
2025-06-24 13:29:00-04:00,147.1649932861328,147.1999969482422,147.13999938964844,147.19500732421875,117050,0.0,0.0
2025-06-24 13:30:00-04:00,147.19000244140625,147.3000030517578,147.18499755859375,147.28500366210938,306325,0.0,0.0
2025-06-24 13:31:00-04:00,147.28500366210938,147.33999633789062,147.27000427246094,147.31069946289062,384468,0.0,0.0
2025-06-24 13:32:00-04:00,147.32000732421875,147.4199981689453,147.3000030517578,147.4149932861328,259367,0.0,0.0
2025-06-24 13:33:00-04:00,147.4149932861328,147.4499969482422,147.38999938964844,147.431396484375,288191,0.0,0.0
2025-06-24 13:34:00-04:00,147.42999267578125,147.5,147.4199981689453,147.48500061035156,450862,0.0,0.0
2025-06-24 13:35:00-04:00,147.47999572753906,147.49000549316406,147.36000061035156,147.39999389648438,280595,0.0,0.0
2025-06-24 13:36:00-04:00,147.39999389648438,147.45989990234375,147.3748016357422,147.38499450683594,182790,0.0,0.0
2025-06-24 13:37:00-04:00,147.38499450683594,147.4199981689453,147.3699951171875,147.3903045654297,140594,0.0,0.0
2025-06-24 13:38:00-04:00,147.38999938964844,147.39999389648438,147.32000732421875,147.33999633789062,152650,0.0,0.0
2025-06-24 13:39:00-04:00,147.33999633789062,147.3800048828125,147.3300018310547,147.36000061035156,70678,0.0,0.0
2025-06-24 13:40:00-04:00,147.36000061035156,147.39999389648438,147.34010314941406,147.39500427246094,172069,0.0,0.0
2025-06-24 13:41:00-04:00,147.39999389648438,147.42990112304688,147.33999633789062,147.33999633789062,158275,0.0,0.0
2025-06-24 13:42:00-04:00,147.34500122070312,147.39999389648438,147.3249969482422,147.3916015625,120817,0.0,0.0
2025-06-24 13:43:00-04:00,147.3917999267578,147.4499969482422,147.38999938964844,147.4420928955078,179556,0.0,0.0
2025-06-24 13:44:00-04:00,147.44500732421875,147.49000549316406,147.40150451660156,147.41000366210938,356355,0.0,0.0
2025-06-24 13:45:00-04:00,147.39999389648438,147.43499755859375,147.3800048828125,147.39999389648438,161862,0.0,0.0
2025-06-24 13:46:00-04:00,147.39999389648438,147.44000244140625,147.38999938964844,147.40499877929688,133813,0.0,0.0
2025-06-24 13:47:00-04:00,147.40499877929688,147.49000549316406,147.39999389648438,147.47329711914062,245349,0.0,0.0
2025-06-24 13:48:00-04:00,147.47999572753906,147.5500030517578,147.4600067138672,147.5299072265625,1069107,0.0,0.0
2025-06-24 13:49:00-04:00,147.5279998779297,147.5800018310547,147.52000427246094,147.5699005126953,344643,0.0,0.0
2025-06-24 13:50:00-04:00,147.55999755859375,147.58999633789062,147.4949951171875,147.5050048828125,293432,0.0,0.0
2025-06-24 13:51:00-04:00,147.5050048828125,147.5399932861328,147.5,147.52000427246094,121304,0.0,0.0
2025-06-24 13:52:00-04:00,147.52000427246094,147.52999877929688,147.47000122070312,147.47500610351562,201198,0.0,0.0
2025-06-24 13:53:00-04:00,147.47500610351562,147.52000427246094,147.47000122070312,147.5,182454,0.0,0.0
2025-06-24 13:54:00-04:00,147.5,147.53500366210938,147.4949951171875,147.52499389648438,117191,0.0,0.0
2025-06-24 13:55:00-04:00,147.52999877929688,147.52999877929688,147.46009826660156,147.47500610351562,144519,0.0,0.0
2025-06-24 13:56:00-04:00,147.47500610351562,147.5,147.4199981689453,147.43499755859375,221181,0.0,0.0
2025-06-24 13:57:00-04:00,147.43499755859375,147.49000549316406,147.41189575195312,147.48500061035156,107011,0.0,0.0
2025-06-24 13:58:00-04:00,147.4844970703125,147.50999450683594,147.46299743652344,147.4949951171875,137160,0.0,0.0
2025-06-24 13:59:00-04:00,147.49009704589844,147.5050048828125,147.42999267578125,147.4530029296875,175104,0.0,0.0
2025-06-24 14:00:00-04:00,147.45860290527344,147.5500030517578,147.4499969482422,147.54530334472656,361203,0.0,0.0
2025-06-24 14:01:00-04:00,147.5500030517578,147.60000610351562,147.5399932861328,147.5850067138672,247986,0.0,0.0
2025-06-24 14:02:00-04:00,147.5800018310547,147.60000610351562,147.57000732421875,147.5850067138672,141194,0.0,0.0
2025-06-24 14:03:00-04:00,147.5850067138672,147.60000610351562,147.5500030517578,147.5749969482422,224661,0.0,0.0
2025-06-24 14:04:00-04:00,147.5749969482422,147.5800018310547,147.50999450683594,147.5399932861328,220274,0.0,0.0
2025-06-24 14:05:00-04:00,147.5449981689453,147.5800018310547,147.4949951171875,147.5,189507,0.0,0.0
2025-06-24 14:06:00-04:00,147.5050048828125,147.5135955810547,147.38009643554688,147.42860412597656,349815,0.0,0.0
2025-06-24 14:07:00-04:00,147.4250030517578,147.42999267578125,147.3699951171875,147.40460205078125,223013,0.0,0.0
2025-06-24 14:08:00-04:00,147.39999389648438,147.44000244140625,147.38999938964844,147.41470336914062,114772,0.0,0.0
2025-06-24 14:09:00-04:00,147.4149932861328,147.4499969482422,147.38999938964844,147.4149932861328,212568,0.0,0.0
2025-06-24 14:10:00-04:00,147.4149932861328,147.4781036376953,147.38160705566406,147.43479919433594,170863,0.0,0.0
2025-06-24 14:11:00-04:00,147.44000244140625,147.4499969482422,147.36000061035156,147.4001007080078,152396,0.0,0.0
2025-06-24 14:12:00-04:00,147.40499877929688,147.41000366210938,147.34500122070312,147.36500549316406,152321,0.0,0.0
2025-06-24 14:13:00-04:00,147.36500549316406,147.38999938964844,147.33999633789062,147.3553924560547,135543,0.0,0.0
2025-06-24 14:14:00-04:00,147.35499572753906,147.3699951171875,147.3000030517578,147.3448028564453,256006,0.0,0.0
2025-06-24 14:15:00-04:00,147.34539794921875,147.35000610351562,147.3000030517578,147.3249969482422,177390,0.0,0.0
2025-06-24 14:16:00-04:00,147.3249969482422,147.4600067138672,147.32020568847656,147.4550018310547,237353,0.0,0.0
2025-06-24 14:17:00-04:00,147.45010375976562,147.47000122070312,147.4199981689453,147.43499755859375,190044,0.0,0.0
2025-06-24 14:18:00-04:00,147.4333038330078,147.44000244140625,147.36000061035156,147.36500549316406,128014,0.0,0.0
2025-06-24 14:19:00-04:00,147.36500549316406,147.39999389648438,147.360107421875,147.38009643554688,101909,0.0,0.0
2025-06-24 14:20:00-04:00,147.38499450683594,147.4250030517578,147.35499572753906,147.3986053466797,166633,0.0,0.0
2025-06-24 14:21:00-04:00,147.39999389648438,147.4499053955078,147.38999938964844,147.39010620117188,116174,0.0,0.0
2025-06-24 14:22:00-04:00,147.39500427246094,147.4384002685547,147.38999938964844,147.4384002685547,111742,0.0,0.0
2025-06-24 14:23:00-04:00,147.4320068359375,147.49000549316406,147.42999267578125,147.47520446777344,146224,0.0,0.0
2025-06-24 14:24:00-04:00,147.47500610351562,147.5,147.4600067138672,147.4886016845703,159664,0.0,0.0
2025-06-24 14:25:00-04:00,147.48500061035156,147.49000549316406,147.46499633789062,147.47000122070312,121221,0.0,0.0
2025-06-24 14:26:00-04:00,147.46499633789062,147.49000549316406,147.45460510253906,147.46499633789062,89039,0.0,0.0
2025-06-24 14:27:00-04:00,147.46499633789062,147.47000122070312,147.4134979248047,147.4250030517578,156532,0.0,0.0
2025-06-24 14:28:00-04:00,147.4199981689453,147.4499969482422,147.38999938964844,147.40139770507812,139785,0.0,0.0
2025-06-24 14:29:00-04:00,147.40499877929688,147.42979431152344,147.34190368652344,147.35009765625,144206,0.0,0.0
2025-06-24 14:30:00-04:00,147.35499572753906,147.3699951171875,147.31170654296875,147.35000610351562,160904,0.0,0.0
2025-06-24 14:31:00-04:00,147.30999755859375,147.30999755859375,147.30999755859375,147.30999755859375,0,0.0,0.0
